2013-05-03,23.96,0.171245,0.171245
2013-05-06,23.91,0.391887,0.171245
2013-05-07,24.15,0.551961,0.229698
2013-05-08,24.25,0.688132,0.315943
2013-05-09,24.36,0.790858,0.416701
2013-05-10,24.5,0.864053,0.519484
2013-05-13,24.08,0.909349,0.615962
2013-05-14,23.84,0.875774,0.70032
2013-05-15,24.2,0.814154,0.754694
2013-05-16,23.94,0.796827,0.77915
2013-05-17,24.04,0.745055,0.792902
2013-05-20,24.08,0.70215,0.789501
2013-05-21,24.15,0.662903,0.772292
2013-05-22,24.07,0.625447,0.7466
2013-05-23,24.05,0.549148,0.715376
2013-05-24,23.92,0.478205,0.670213
2013-05-28,24.08,0.39236,0.616455
2013-05-29,24.27,0.333357,0.552719
2013-05-30,24.21,0.295699,0.489786
2013-05-31,24.28,0.250226,0.43353
2013-06-03,25.24,0.226445,0.37955
2013-06-04,25.36,0.312004,0.333537
2013-06-05,24.7,0.371961,0.322333
2013-06-06,24.65,0.338802,0.3304
2013-06-07,24.59,0.295013,0.328224
2013-06-10,25.01,0.250963,0.31613
2013-06-11,24.71,0.254139,0.296448
2013-06-12,24.46,0.220573,0.283809
2013-06-13,24.99,0.178374,0.266317
2013-06-14,24.92,0.201677,0.242581
2013-06-17,25.1,0.208139,0.231631
2013-06-18,25.47,0.22706,0.225485
2013-06-19,25,0.278943,0.224611
2013-06-20,24.19,0.263581,0.236807
2013-06-21,24.2,0.143779,0.242378
2013-06-24,23.58,0.0471833,0.215472
2013-06-25,23.88,-0.0814962,0.17036
2013-06-26,24.01,-0.147073,0.102389
2013-06-27,24.05,-0.179382,0.0345386
2013-06-28,24.23,-0.203131,-0.0242788
2013-07-01,23.89,-0.194883,-0.075031
2013-07-02,23.72,-0.220003,-0.111007
2013-07-03,23.76,-0.262076,-0.144925
2013-07-05,24.06,-0.286775,-0.182284
2013-07-08,23.19,-0.2713,-0.216617
2013-07-09,23.14,-0.353398,-0.23648
2013-07-10,23.25,-0.409959,-0.271686
2013-07-11,23.99,-0.422772,-0.311154
2013-07-12,23.9,-0.337625,-0.343172
2013-07-15,23.94,-0.266255,-0.344146
2013-07-16,24.25,-0.212063,-0.325615
2013-07-17,24.15,-0.136041,-0.297483
2013-07-18,23.24,-0.0877048,-0.25587
2013-07-19,23.04,-0.145065,-0.211227
2013-07-22,22.77,-0.203529,-0.192573
2013-07-23,22.75,-0.271449,-0.194301
2013-07-24,22.93,-0.314559,-0.212365
2013-07-25,23.06,-0.325528,-0.236491
2013-07-26,23.26,-0.298793,-0.257299
2013-07-29,23.24,-0.245406,-0.267093
2013-07-30,23.38,-0.20588,-0.261361
2013-07-31,23.34,-0.17349,-0.247398
2013-08-01,23.2,-0.148785,-0.22948
2013-08-02,23.22,-0.148573,-0.210217
2013-08-05,22.92,-0.145977,-0.194859
2013-08-06,22.8,-0.17135,-0.18178
2013-08-07,22.7,-0.186809,-0.177679
2013-08-08,22.45,-0.2002,-0.178056
2013-08-09,22.51,-0.231154,-0.181722
2013-08-12,22.64,-0.243898,-0.193071
2013-08-13,22.52,-0.236483,-0.205755
2013-08-14,22.57,-0.237759,-0.213894
2013-08-15,22.03,-0.238985,-0.220819
2013-08-16,21.91,-0.294053,-0.226706
2013-08-19,22.28,-0.344538,-0.245713
2013-08-20,22.52,-0.329854,-0.273381
2013-08-21,22.17,-0.28548,-0.289864
2013-08-22,22.26,-0.283664,-0.29024
2013-08-23,22.44,-0.259486,-0.289841
2013-08-26,22.27,-0.214842,-0.282675
2013-08-27,22.19,-0.200888,-0.265283
2013-08-28,22.29,-0.193118,-0.248654
2013-08-29,22.06,-0.176028,-0.234104
2013-08-30,21.98,-0.186682,-0.218646
2013-09-03,22.07,-0.196595,-0.209053
2013-09-04,22.64,-0.190079,-0.203731
2013-09-05,22.6,-0.110698,-0.198233
2013-09-06,22.67,-0.0502977,-0.173742
2013-09-09,22.91,0.00124237,-0.139399
2013-09-10,22.98,0.0634868,-0.100349
2013-09-11,22.81,0.121823,-0.0552379
2013-09-12,22.63,0.145998,-0.00615817
2013-09-13,23.44,0.138749,0.0369399
2013-09-16,23.39,0.219873,0.0670882
2013-09-17,23.74,0.272868,0.11135
2013-09-18,23.9,0.342599,0.158733
2013-09-19,23.91,0.410558,0.212646
2013-09-20,23.77,0.458938,0.2699
2013-09-23,23.62,0.471348,0.324757
2013-09-24,23.7,0.449864,0.368418
2013-09-25,23.7,0.430529,0.394543
2013-09-26,23.41,0.405987,0.408145
2013-09-27,22.98,0.34876,0.411484
2013-09-30,22.92,0.254555,0.398936
2013-10-01,22.83,0.171905,0.363358
2013-10-02,22.89,0.0998662,0.313989
2013-10-03,22.6,0.0398442,0.256837
2013-10-04,22.81,-0.0391875,0.197058
2013-10-07,22.83,-0.0829556,0.130566
2013-10-08,22.48,-0.116064,0.0689159
2013-10-09,22.59,-0.181168,0.0142281
2013-10-10,23.1,-0.216886,-0.0437466
2013-10-11,23.26,-0.185513,-0.0963238
2013-10-14,23.45,-0.140257,-0.126592
2013-10-15,23.39,-0.0857949,-0.135898
2013-10-16,23.7,-0.0468573,-0.127217
2013-10-17,23.92,0.0234773,-0.109316
2013-10-18,23.88,0.100594,-0.0763617
2013-10-21,24.14,0.152152,-0.0300375
2013-10-22,24.07,0.213352,0.0190172
2013-10-23,23.74,0.259512,0.0725154
2013-10-24,23.78,0.252336,0.125839
2013-10-25,24.24,0.25102,0.164463
2013-10-28,24.36,0.303126,0.192615
2013-10-29,24.52,0.350719,0.226857
2013-10-30,24.5,0.391128,0.264335
2013-10-31,24.47,0.410353,0.302567
2013-11-01,24.33,0.413584,0.335285
2013-11-04,24.26,0.395769,0.359529
2013-11-05,24.03,0.361922,0.372223
2013-11-06,24.25,0.29857,0.371865
2013-11-07,24.06,0.268392,0.354124
2013-11-08,24.09,0.215018,0.33293
2013-11-11,24.17,0.174298,0.302915
2013-11-12,24.43,0.14967,0.268839
2013-11-13,24.6,0.155947,0.236047
2013-11-14,24.39,0.168089,0.212514
2013-11-15,24.52,0.144703,0.197793
2013-11-18,24.6,0.134375,0.180509
2013-11-19,24.7,0.134982,0.165076
2013-11-20,24.56,0.143649,0.154167
2013-11-21,25.23,0.134737,0.149226
2013-11-22,23.87,0.196477,0.14361
2013-11-25,23.75,0.0989798,0.15655
2013-11-26,23.65,0.00974402,0.141034
2013-11-27,23.9,-0.0661716,0.106124
2013-11-29,23.84,-0.0937054,0.0597364
2013-12-02,23.7,-0.121103,0.0174704
2013-12-03,23.55,-0.161776,-0.0211384
2013-12-04,23.74,-0.208923,-0.0607159
2013-12-05,24.26,-0.214526,-0.102898
2013-12-06,24.82,-0.160702,-0.136148
2013-12-09,24.93,-0.0577892,-0.146694
2013-12-10,24.82,0.0303785,-0.128261
2013-12-11,24.42,0.0858194,-0.0896247
2013-12-12,24.47,0.0722618,-0.0446288
2013-12-13,24.29,0.0842524,-0.0133409
2013-12-16,24.45,0.0727223,0.0137123
2013-12-17,24.66,0.0837777,0.0313564
2013-12-18,25.15,0.108502,0.048125
2013-12-19,25.14,0.178897,0.0679549
2013-12-20,25.06,0.23069,0.10156
2013-12-23,25.32,0.262392,0.139681
2013-12-24,25.43,0.309744,0.175136
2013-12-26,25.7,0.343739,0.212955
2013-12-27,25.6,0.385883,0.249499
2013-12-30,25.85,0.39947,0.288274
2013-12-31,25.96,0.432194,0.320775
2014-01-02,25.79,0.465981,0.353993
2014-01-03,25.78,0.471437,0.387692
2014-01-06,25.46,0.457987,0.414043
2014-01-07,25.59,0.40202,0.429192
2014-01-08,25.43,0.362201,0.424955
2014-01-09,25.31,0.30289,0.410756
2014-01-10,25.53,0.238302,0.383687
2014-01-13,25.5,0.207247,0.345768
2014-01-14,26.51,0.169893,0.308473
2014-01-15,26.67,0.244301,0.270403
2014-01-16,26.54,0.311354,0.261074
2014-01-17,25.85,0.34712,0.271338
2014-01-21,25.59,0.290827,0.288429
2014-01-22,25.31,0.212241,0.286534
2014-01-23,25.13,0.117027,0.26513
2014-01-24,24.81,0.022957,0.224446
2014-01-27,24.72,-0.0813309,0.169898
2014-01-28,24.9,-0.170279,0.102322
2014-01-29,24.68,-0.212701,0.0285397
2014-01-30,24.74,-0.259726,-0.0374783
2014-01-31,24.54,-0.288131,-0.10056
2014-02-03,23.95,-0.327241,-0.156396
2014-02-04,23.82,-0.427334,-0.209167
2014-02-05,23.52,-0.512245,-0.274423
2014-02-06,23.99,-0.596887,-0.344687
2014-02-07,24.21,-0.592425,-0.418387
2014-02-10,24.29,-0.550225,-0.471077
2014-02-11,24.47,-0.495616,-0.497859
2014-02-12,24.55,-0.425387,-0.502152
2014-02-13,24.7,-0.351762,-0.486134
2014-02-14,24.76,-0.275104,-0.453914
2014-02-18,24.76,-0.207088,-0.409017
2014-02-19,24.5,-0.149947,-0.356742
2014-02-20,24.74,-0.133295,-0.300905
2014-02-21,24.42,-0.0871067,-0.253349
2014-02-24,24.63,-0.0754398,-0.204184
2014-02-25,24.62,-0.0293447,-0.164285
2014-02-26,24.8,0.0147055,-0.122779
2014-02-27,24.76,0.0636477,-0.0807948
2014-02-28,24.76,0.0895285,-0.0373885
2014-03-03,24.5,0.106605,0.000924121
2014-03-04,24.61,0.0868533,0.033039
2014-03-05,24.5,0.081047,0.0508777
2014-03-06,24.63,0.0595229,0.0618661
2014-03-07,24.64,0.0549319,0.0641569
2014-03-10,24.84,0.0534435,0.0639696
2014-03-11,24.73,0.0749104,0.0632609
2014-03-12,24.76,0.0754408,0.0677286
2014-03-13,24.57,0.0806961,0.0705627
2014-03-14,24.5,0.0546042,0.0733504
2014-03-17,24.7,0.0244804,0.0681428
2014-03-18,24.82,0.016094,0.056002
2014-03-19,25.02,0.0252367,0.0449694
2014-03-20,25.43,0.0538428,0.0392036
2014-03-21,25.17,0.121828,0.0427787
2014-03-24,25.12,0.142677,0.0635391
2014-03-25,25.46,0.152744,0.0846548
2014-03-26,25.38,0.193706,0.102838
2014-03-27,25.31,0.213253,0.12732
2014-03-28,25.62,0.214288,0.15078
2014-03-31,25.81,0.243822,0.16904
2014-04-01,25.99,0.283746,0.191007
2014-04-02,25.89,0.328022,0.218185
2014-04-03,26.41,0.347836,0.250161
2014-04-04,26.16,0.409724,0.278966
2014-04-07,26.49,0.422508,0.315951
2014-04-08,26.91,0.457204,0.346765
2014-04-09,26.98,0.514365,0.378917
2014-04-10,26.43,0.556731,0.417562
2014-04-11,26.18,0.521359,0.457479
2014-04-14,26.56,0.452887,0.47803
2014-04-15,26.77,0.435702,0.474863
2014-04-16,26.93,0.438036,0.46734
2014-04-17,27.04,0.445964,0.461655
2014-04-21,26.95,0.451356,0.459196
2014-04-22,26.84,0.434383,0.457857
2014-04-23,26.75,0.400554,0.452166
2014-04-24,26.75,0.348686,0.438418
2014-04-25,26.26,0.306611,0.413513
2014-04-28,26.33,0.211654,0.383056
2014-04-29,26.48,0.137661,0.335585
2014-04-30,26.69,0.0959262,0.281401
2014-05-01,26.45,0.0886824,0.229964
2014-05-02,26.41,0.0571358,0.189432
2014-05-05,26.17,0.0240291,0.150557
2014-05-06,26.2,-0.0324733,0.11255
2014-05-07,26.37,-0.0763425,0.0693293
2014-05-08,26.34,-0.0911267,0.0257968
2014-05-09,26.3,-0.103105,-0.00999543
2014-05-12,26.37,-0.113224,-0.0393851
2014-05-13,26.45,-0.112509,-0.0626915
2014-05-14,26.33,-0.0981529,-0.0788781
2014-05-15,26.01,-0.0944289,-0.0865922
2014-05-16,25.82,-0.122562,-0.0912831
2014-05-19,26.04,-0.160023,-0.101784
2014-05-20,26.04,-0.163658,-0.119089
2014-05-21,26.2,-0.164864,-0.132188
2014-05-22,26.15,-0.147859,-0.141678
2014-05-23,26.29,-0.131483,-0.14407
2014-05-27,26.71,-0.100062,-0.141346
2014-05-28,26.88,-0.0301011,-0.130829
2014-05-29,26.96,0.0434026,-0.104417
2014-05-30,27.32,0.107277,-0.0653507
2014-06-02,27.26,0.190965,-0.0191845
2014-06-03,27.66,0.243043,0.0380302
2014-06-04,27.6,0.32325,0.0952966
2014-06-05,27.66,0.372504,0.159549
2014-06-06,28.17,0.413521,0.220804
2014-06-09,27.91,0.490962,0.277358
2014-06-10,28.24,0.515877,0.340045
2014-06-11,27.93,0.557894,0.393192
2014-06-12,27.96,0.547922,0.44314
2014-06-13,29.87,0.530826,0.476862
2014-06-16,30.01,0.707415,0.496672
2014-06-17,29.95,0.841526,0.557062
2014-06-18,29.93,0.919774,0.637106
2014-06-19,30.09,0.954858,0.716673
2014-06-20,30.2,0.982806,0.784907
2014-06-23,30.23,0.993182,0.842874
2014-06-24,30.5,0.986008,0.887944
2014-06-25,30.88,0.987606,0.919473
2014-06-26,30.78,1.00149,0.942917
2014-06-27,30.93,0.986992,0.964327
2014-06-30,30.9,0.968188,0.976799
2014-07-01,30.98,0.937474,0.978536
2014-07-02,30.98,0.903753,0.969702
2014-07-03,31.14,0.834168,0.952976
2014-07-07,31.03,0.78194,0.921473
2014-07-08,30.79,0.715692,0.883594
2014-07-09,30.89,0.624958,0.837478
2014-07-10,31.26,0.553772,0.778962
2014-07-11,31.25,0.524333,0.716193
2014-07-14,31.49,0.491189,0.661109
2014-07-15,31.71,0.475312,0.611232
2014-07-16,34.65,0.469517,0.569899
2014-07-17,33.7,0.772761,0.537822
2014-07-18,33.7,0.877037,0.594603
2014-07-21,34.06,0.939606,0.665851
2014-07-22,34.79,1.00132,0.736642
2014-07-23,34.5,1.10458,0.807074
2014-07-24,34.25,1.14362,0.888605
2014-07-25,34.25,1.12853,0.961159
2014-07-28,34.23,1.10013,1.01202
2014-07-29,34.19,1.05562,1.04313
2014-07-30,34.35,0.995152,1.05491
2014-07-31,33.89,0.949808,1.04781
2014-08-01,33.74,0.846003,1.02595
2014-08-04,34.05,0.735405,0.980502
2014-08-05,32.82,0.632477,0.916182
2014-08-06,32.85,0.421035,0.839753
2014-08-07,32.68,0.255862,0.724876
2014-08-08,32.6,0.0998912,0.594378
2014-08-11,33.02,-0.0419516,0.455411
2014-08-12,33.13,-0.104343,0.314032
2014-08-13,34.1,-0.138118,0.192133
2014-08-14,33.94,-0.0636161,0.0926638
2014-08-15,34.17,-0.0311048,0.0384751
2014-08-18,34.41,0.0141905,0.00799498
2014-08-19,34.34,0.0692594,-0.00121558
2014-08-20,34.5,0.103456,0.00800081
2014-08-21,35.15,0.144449,0.0271269
2014-08-22,34.94,0.23598,0.0547952
2014-08-25,34.81,0.319835,0.102122
2014-08-26,34.8,0.356992,0.161947
2014-08-27,34.79,0.381523,0.217591
2014-08-28,34.65,0.398483,0.266326
2014-08-29,34.92,0.392577,0.306259
2014-09-02,34.57,0.409077,0.334159
2014-09-03,34.57,0.363127,0.35878
2014-09-04,34.91,0.325566,0.364251
2014-09-05,35,0.325557,0.357893
2014-09-08,35.33,0.32628,0.352511
2014-09-09,34.91,0.359154,0.3473
2014-09-10,35.02,0.326621,0.35085
2014-09-11,35.02,0.29706,0.34434
2014-09-12,34.62,0.274099,0.33126
2014-09-15,34.54,0.198821,0.315114
2014-09-16,34.93,0.127844,0.28315
2014-09-17,34.98,0.109584,0.240128
2014-09-18,35.17,0.0971699,0.203709
2014-09-19,34.82,0.103075,0.173667
2014-09-22,34.71,0.0713237,0.1527
2014-09-23,34.42,0.0411582,0.128552
2014-09-24,34.75,-0.0204369,0.10196
2014-09-25,34.14,-0.0317645,0.0661831
2014-09-26,34.26,-0.108804,0.0367906
2014-09-29,34.9,-0.147891,-0.00532038
2014-09-30,34.82,-0.107471,-0.0461355
2014-10-01,33.99,-0.0787372,-0.06498
2014-10-02,33.52,-0.140517,-0.0712288
2014-10-03,34.03,-0.23437,-0.0920968
2014-10-06,34.11,-0.251811,-0.132699
2014-10-07,33.47,-0.253268,-0.167298
2014-10-08,34.27,-0.322975,-0.193183
2014-10-09,33.62,-0.277608,-0.230144
2014-10-10,31.91,-0.310107,-0.245678
2014-10-13,31.47,-0.50823,-0.264788
2014-10-14,32.14,-0.696905,-0.331024
2014-10-15,31.28,-0.745439,-0.431288
2014-10-16,30.85,-0.859072,-0.519772
2014-10-17,31.38,-0.987777,-0.615317
2014-10-20,31.58,-1.0092,-0.719671
2014-10-21,32.61,-0.975024,-0.803352
2014-10-22,32.27,-0.818928,-0.857038
2014-10-23,32.69,-0.731585,-0.854909
2014-10-24,33.18,-0.605954,-0.830851
2014-10-27,33.2,-0.438304,-0.77904
2014-10-28,33.74,-0.310624,-0.692813
2014-10-29,33.92,-0.144061,-0.591503
2014-10-30,32.58,0.0283075,-0.470671
2014-10-31,34.01,0.0217582,-0.332688
2014-11-03,34.31,0.167173,-0.229016
2014-11-04,34.54,0.316372,-0.112419
2014-11-05,33.76,0.459209,0.0140448
2014-11-06,33.82,0.478849,0.144404
2014-11-07,33.58,0.494138,0.246073
2014-11-10,33.26,0.454418,0.324501
2014-11-11,33.31,0.386028,0.370298
2014-11-12,33.38,0.334597,0.384624
2014-11-13,33.68,0.294118,0.379258
2014-11-14,33.95,0.286595,0.361939
2014-11-17,34.24,0.305537,0.347054
2014-11-18,34.71,0.338411,0.338739
2014-11-19,34.35,0.411036,0.338985
2014-11-20,35.95,0.39412,0.356279
2014-11-21,35.59,0.544062,0.364475
2014-11-24,36.25,0.594504,0.410117
2014-11-25,36.32,0.695415,0.458304
2014-11-26,36.9,0.766497,0.522197
2014-11-28,37.25,0.870619,0.589715
2014-12-01,37.17,0.982784,0.668542
2014-12-02,37.6,1.03712,0.757488
2014-12-03,37.43,1.1079,0.83831
2014-12-04,37.46,1.12365,0.917188
2014-12-05,37.67,1.11572,0.979436
2014-12-08,37.2,1.11362,1.02427
2014-12-09,36.89,1.03776,1.05511
2014-12-10,36.42,0.922298,1.05738
2014-12-11,36.7,0.757643,1.027
2014-12-12,36.23,0.657049,0.959526
2014-12-15,35.92,0.511369,0.880721
2014-12-16,35.56,0.34988,0.78135
2014-12-17,36.24,0.17279,0.66323
2014-12-18,37.02,0.0977956,0.52667
2014-12-19,36.37,0.115697,0.404147
2014-12-22,37.21,0.0456798,0.317115
2014-12-23,37.43,0.0785295,0.233324
2014-12-24,37.44,0.121205,0.180315
2014-12-26,37.55,0.145687,0.153587
2014-12-29,37.18,0.177035,0.142482
2014-12-30,36.76,0.162163,0.143959
2014-12-31,36.29,0.103241,0.143301
2015-01-02,36.36,0.0144463,0.129606
2015-01-05,35.95,-0.0427741,0.098454
2015-01-06,35.28,-0.119511,0.0610499
2015-01-07,36.02,-0.24072,0.0124008
2015-01-08,36.69,-0.252293,-0.055152
2015-01-09,36.76,-0.192467,-0.109373
2015-01-12,36.6,-0.127937,-0.134826
2015-01-13,36.5,-0.10154,-0.137186
2015-01-14,36.35,-0.0946514,-0.13243
2015-01-15,36.19,-0.103465,-0.126817
2015-01-16,36.45,-0.124664,-0.124062
2015-01-20,36.09,-0.109142,-0.126288
2015-01-21,36.48,-0.130748,-0.122992
2015-01-22,36.91,-0.100472,-0.125098
2015-01-23,36.45,-0.0285315,-0.116849
2015-01-26,35.81,-0.0213415,-0.0914317
2015-01-27,34.19,-0.0770416,-0.0713563
2015-01-28,33.78,-0.304239,-0.0720183
2015-01-29,34.21,-0.517696,-0.133097
2015-01-30,33.04,-0.617717,-0.235558
2015-02-02,33.65,-0.810989,-0.33877
2015-02-03,33.7,-0.868557,-0.467064
2015-02-04,33.6,-0.886879,-0.578766
2015-02-05,33.94,-0.89273,-0.667075
2015-02-06,33.3,-0.846963,-0.735308
2015-02-09,32.93,-0.863587,-0.775431
2015-02-10,33.7,-0.909251,-0.810035
2015-02-11,33.55,-0.856305,-0.847254
2015-02-12,34.13,-0.811997,-0.857753
2015-02-13,34.36,-0.698011,-0.850705
2015-02-17,34.74,-0.559204,-0.813729
2015-02-18,34.27,-0.391319,-0.746341
2015-02-19,34.21,-0.306087,-0.650466
2015-02-20,34.41,-0.222113,-0.555707
2015-02-23,33.76,-0.138906,-0.462304
2015-02-24,34.41,-0.140749,-0.370891
2015-02-25,33.95,-0.0658394,-0.302572
2015-02-26,33.65,-0.0598128,-0.230807
2015-02-27,33.25,-0.0709232,-0.176176
2015-03-02,34.06,-0.113843,-0.138807
2015-03-03,34.1,-0.0601667,-0.123851
2015-03-04,34.12,-0.00384173,-0.100485
2015-03-05,33.73,0.0334821,-0.0705437
2015-03-06,33.19,0.0140437,-0.0394714
2015-03-09,32.72,-0.0764029,-0.0225695
2015-03-10,31.7,-0.190744,-0.0350954
2015-03-11,32.33,-0.378095,-0.0747532
2015-03-12,30.8,-0.458808,-0.155247
2015-03-13,30.93,-0.662438,-0.23709
2015-03-16,30.83,-0.799655,-0.352251
2015-03-17,30.59,-0.895574,-0.474334
2015-03-18,30.89,-0.971726,-0.592107
2015-03-19,30.74,-0.980904,-0.701451
2015-03-20,31.31,-1.00337,-0.786447
2015-03-23,31.2,-0.938192,-0.855855
2015-03-24,30.79,-0.888078,-0.889296
2015-03-25,29.89,-0.869509,-0.899395
2015-03-26,30.08,-0.926772,-0.899255
2015-03-27,32,-0.92189,-0.913115
2015-03-30,31.46,-0.6844,-0.91918
2015-03-31,31.27,-0.558821,-0.858765
2015-04-01,30.81,-0.448776,-0.778755
2015-04-02,30.81,-0.410649,-0.688459
2015-04-06,31.04,-0.363505,-0.610499
2015-04-07,31.26,-0.292877,-0.539205
2015-04-08,31.31,-0.213604,-0.467996
2015-04-09,31.24,-0.142562,-0.394336
2015-04-10,31.93,-0.0911288,-0.320547
2015-04-13,31.73,0.0293545,-0.250726
2015-04-14,31.49,0.108918,-0.166515
2015-04-15,32.83,0.156089,-0.0858216
2015-04-16,32.87,0.33037,-0.0146787
2015-04-17,32.47,0.43265,0.0832071
2015-04-20,32.73,0.459556,0.183149
2015-04-21,32.43,0.509433,0.264529
2015-04-22,32.7,0.50076,0.337724
2015-04-23,32.35,0.516106,0.38914
2015-04-24,32.08,0.477642,0.430708
2015-04-27,32.5,0.406366,0.450927
2015-04-28,33.02,0.392183,0.445411
2015-04-29,32.89,0.429588,0.43633
2015-04-30,32.55,0.431154,0.438725
2015-05-01,33.42,0.389991,0.438336
2015-05-04,33.43,0.444547,0.425613
2015-05-05,32.64,0.450112,0.430123
2015-05-06,32.22,0.359182,0.434235
2015-05-07,32.24,0.259836,0.41336
2015-05-08,32.8,0.173908,0.371156
2015-05-11,32.69,0.167185,0.317312
2015-05-12,32.25,0.137516,0.276212
2015-05-13,32.64,0.0679951,0.237739
2015-05-14,32.97,0.059837,0.189909
2015-05-15,32.99,0.0819997,0.151851
2015-05-18,33.41,0.0901998,0.129794
2015-05-19,33.15,0.138251,0.114609
2015-05-20,33.37,0.152921,0.115867
2015-05-21,33.55,0.1694,0.122053
2015-05-22,33.45,0.193306,0.132541
2015-05-26,33.1,0.218446,0.148021
2015-05-27,33.71,0.203112,0.166392
2015-05-28,34.01,0.250369,0.176551
2015-05-29,34.46,0.308289,0.197726
2015-06-01,33.91,0.393462,0.229073
2015-06-02,33.27,0.400553,0.274817
2015-06-03,32.73,0.322593,0.310881
2015-06-04,32.31,0.193359,0.316559
2015-06-05,31.84,0.0506631,0.286362
2015-06-08,31.3,-0.109345,0.225666
2015-06-09,31.25,-0.283162,0.137398
2015-06-10,31.82,-0.42102,0.0247751
2015-06-11,31.85,-0.452396,-0.0959847
2015-06-12,31.32,-0.46395,-0.195572
2015-06-15,31.39,-0.524057,-0.274187
2015-06-16,31.64,-0.566766,-0.350343
2015-06-17,31.95,-0.569364,-0.418879
2015-06-18,32.38,-0.532858,-0.469807
2015-06-19,32.07,-0.446214,-0.496404
2015-06-22,32.26,-0.403761,-0.491269
2015-06-23,32.09,-0.335235,-0.473785
2015-06-24,31.91,-0.287661,-0.439924
2015-06-25,31.99,-0.258669,-0.399869
2015-06-26,31.02,-0.21085,-0.361679
2015-06-29,30.39,-0.273936,-0.320196
2015-06-30,30.42,-0.387547,-0.304899
2015-07-01,30.18,-0.459515,-0.322888
2015-07-02,30.56,-0.522229,-0.355406
2015-07-06,30.04,-0.521261,-0.396953
2015-07-07,29.9,-0.563001,-0.429149
2015-07-08,29.5,-0.598417,-0.464988
2015-07-09,28.93,-0.65643,-0.502271
2015-07-10,29.17,-0.746997,-0.546313
2015-07-13,29.73,-0.782536,-0.603769
2015-07-14,29.65,-0.737246,-0.656989
2015-07-15,29.69,-0.699927,-0.683965
2015-07-16,29.9,-0.661021,-0.692616
2015-07-17,29.47,-0.589725,-0.687723
2015-07-20,29.1,-0.563695,-0.664231
2015-07-21,28.72,-0.568527,-0.63973
2015-07-22,28.61,-0.597621,-0.622011
2015-07-23,28.6,-0.629393,-0.615902
2015-07-24,28.06,-0.634667,-0.618871
2015-07-27,28.35,-0.679623,-0.621145
2015-07-28,28.96,-0.659891,-0.634229
2015-07-29,29.01,-0.553142,-0.63949
2015-07-30,28.91,-0.459899,-0.615714
2015-07-31,28.95,-0.394962,-0.57376
2015-08-03,29.05,-0.331723,-0.526155
2015-08-04,29.13,-0.266318,-0.474086
2015-08-05,29.12,-0.202791,-0.417636
2015-08-06,29.01,-0.152003,-0.358034
2015-08-07,28.88,-0.121053,-0.299405
2015-08-10,29.64,-0.101855,-0.247154
2015-08-11,28.97,-0.00256057,-0.20221
2015-08-12,29.46,0.00645977,-0.142491
2015-08-13,28.87,0.071574,-0.0969052
2015-08-14,29.02,0.053603,-0.0468566
2015-08-17,29.08,0.0451085,-0.0150498
2015-08-18,28.91,0.0392733,0.00561154
2015-08-19,28.36,0.0196721,0.0185859
2015-08-20,27.53,-0.0490026,0.0221763
2015-08-21,26.56,-0.189211,0.0059182
2015-08-24,26.25,-0.394558,-0.0438808
2015-08-25,25.87,-0.57201,-0.135917
2015-08-26,27.3,-0.737397,-0.253435
2015-08-27,27.72,-0.697431,-0.385523
2015-08-28,28.42,-0.625628,-0.474972
2015-08-31,28.54,-0.479541,-0.522769
2015-09-01,27.82,-0.357265,-0.519789
2015-09-02,28.6,-0.334482,-0.485074
2015-09-03,29.08,-0.229361,-0.452709
2015-09-04,28.52,-0.0916445,-0.399563
2015-09-08,29.5,-0.043767,-0.321128
2015-09-09,29.24,0.105023,-0.246554
2015-09-10,29.27,0.20039,-0.14856
2015-09-11,29.47,0.288906,-0.0473317
2015-09-14,29.39,0.380693,0.0514425
2015-09-15,29.73,0.444235,0.148768
2015-09-16,29.77,0.503843,0.236416
2015-09-17,29.71,0.539941,0.316119
2015-09-18,29.02,0.550731,0.38512
2015-09-21,29.16,0.470443,0.43816
2015-09-22,28.67,0.433611,0.454617
2015-09-23,28.74,0.332457,0.456487
2015-09-24,28.48,0.253859,0.428873
2015-09-25,28.81,0.171963,0.385917
2015-09-28,28.76,0.128298,0.330684
2015-09-29,29.24,0.0861761,0.276322
2015-09-30,30.14,0.095023,0.223444
2015-10-01,30,0.181492,0.18524
2015-10-02,30.51,0.221866,0.178955
2015-10-05,31.21,0.289325,0.184777
2015-10-06,31.74,0.416538,0.208212
2015-10-07,32.32,0.562665,0.260039
2015-10-08,32.52,0.738478,0.33913
2015-10-09,32.14,0.877696,0.446197
2015-10-12,32.21,0.926494,0.5646
2015-10-13,32.04,0.960179,0.666981
2015-10-14,32.8,0.959511,0.75332
2015-10-15,32.75,1.01528,0.817764
2015-10-16,33.04,1.04437,0.879581
2015-10-19,33.59,1.07174,0.93305
2015-10-20,33.44,1.1207,0.979396
2015-10-21,33.37,1.12571,1.02523
2015-10-22,34.4,1.0947,1.05875
2015-10-23,34.9,1.15507,1.07305
2015-10-26,34.59,1.22556,1.09769
2015-10-27,34.47,1.21359,1.13412
2015-10-28,34.71,1.159,1.15777
2015-10-29,34.03,1.12643,1.16105
2015-10-30,33.86,1.00072,1.15406
2015-11-02,34.11,0.869417,1.11507
2015-11-03,34.31,0.764564,1.05064
2015-11-04,34.15,0.691598,0.973807
2015-11-05,34,0.597248,0.896779
2015-11-06,33.84,0.490142,0.814475
2015-11-09,33.35,0.38826,0.723472
2015-11-10,33.21,0.247388,0.627178
2015-11-11,32.86,0.106951,0.517816
2015-11-12,32.4,-0.0443489,0.399405
2015-11-13,32.11,-0.20246,0.271
2015-11-16,32.1,-0.345986,0.134685
2015-11-17,32.64,-0.454014,-0.00361442
2015-11-18,33.16,-0.46707,-0.134394
2015-11-19,34.3,-0.413886,-0.234848
2015-11-20,34.66,-0.253662,-0.294692
2015-11-23,34.48,-0.090284,-0.295531
2015-11-24,34.36,0.0138374,-0.251358
2015-11-25,34.45,0.0815065,-0.188544
2015-11-27,34.46,0.14652,-0.121411
2015-11-30,34.77,0.199298,-0.0515805
2015-12-01,35.09,0.270155,0.0171328
2015-12-02,34.83,0.367915,0.0895802
2015-12-03,34.04,0.421118,0.171426
2015-12-04,34.94,0.374825,0.247099
2015-12-07,34.99,0.432886,0.290797
2015-12-08,34.75,0.472571,0.336562
2015-12-09,34.81,0.458246,0.378961
2015-12-10,34.77,0.429742,0.405412
2015-12-11,34.27,0.393875,0.41669
2015-12-14,34.47,0.311201,0.414676
2015-12-15,35.18,0.265868,0.390477
2015-12-16,35.3,0.300614,0.359261
2015-12-17,34.91,0.332393,0.343595
2015-12-18,33.87,0.299186,0.339471
2015-12-21,34.24,0.150256,0.328271
2015-12-22,34.73,0.0734287,0.279551
2015-12-23,35,0.0709338,0.222066
2015-12-24,34.98,0.0779508,0.178505
2015-12-28,34.93,0.074269,0.148118
2015-12-29,35.44,0.0686852,0.124888
2015-12-30,34.99,0.118297,0.107219
2015-12-31,34.45,0.113968,0.107787
2016-01-04,33.99,0.0610369,0.106548
2016-01-05,33.83,-0.0328652,0.0911219
2016-01-06,33.08,-0.131273,0.0551714
2016-01-07,31.84,-0.285122,0.0043603
2016-01-08,31.51,-0.523777,-0.0733593
2016-01-11,32.06,-0.712183,-0.194836
2016-01-12,32.68,-0.784355,-0.33596
2016-01-13,31.91,-0.767884,-0.460868
2016-01-14,32.74,-0.836624,-0.550102
2016-01-15,29.76,-0.778674,-0.635979
2016-01-19,29.8,-1.0398,-0.68497
2016-01-20,29.59,-1.22361,-0.790099
2016-01-21,29.66,-1.35759,-0.91624
2016-01-22,29.93,-1.4211,-1.04487
2016-01-25,29.6,-1.41423,-1.15588
2016-01-26,29.94,-1.41683,-1.23375
2016-01-27,29.81,-1.34088,-1.29003
2016-01-28,29.97,-1.25372,-1.31105
2016-01-29,31.02,-1.14462,-1.30396
2016-02-01,30.82,-0.944722,-1.26872
2016-02-02,29.8,-0.803683,-1.1902
2016-02-03,29.34,-0.775382,-1.09005
2016-02-04,29.77,-0.795412,-1.00469
2016-02-05,29.04,-0.704341,-0.943987
2016-02-08,28.82,-0.695671,-0.873383
2016-02-09,28.81,-0.6855,-0.818235
2016-02-10,28.23,-0.66375,-0.774141
2016-02-11,28.22,-0.699093,-0.736441
2016-02-12,28.64,-0.707479,-0.71883
2016-02-16,28.78,-0.656761,-0.709471
2016-02-17,29.47,-0.591873,-0.691998
2016-02-18,29.42,-0.468505,-0.663807
2016-02-19,28.71,-0.388972,-0.610403
2016-02-22,29.35,-0.389524,-0.548982
2016-02-23,28.8,-0.292016,-0.504421
2016-02-24,29.19,-0.268565,-0.445298
2016-02-25,29.62,-0.199036,-0.394894
2016-02-26,29.8,-0.109949,-0.338997
2016-02-29,29.59,-0.0175915,-0.272946
2016-03-01,30.37,0.0290453,-0.198815
2016-03-02,30.54,0.157019,-0.131619
2016-03-03,30.58,0.273175,-0.048287
2016-03-04,30.63,0.353372,0.0431432
2016-03-07,30.94,0.415684,0.131775
2016-03-08,30.56,0.479431,0.214765
2016-03-09,30.87,0.48183,0.29244
2016-03-10,31.25,0.530204,0.350983
2016-03-11,31.76,0.591133,0.406667
2016-03-14,31.43,0.682704,0.463243
2016-03-15,31.65,0.696542,0.528555
2016-03-16,31.69,0.717181,0.58051
2016-03-17,31.98,0.716217,0.623034
2016-03-18,32.68,0.734677,0.65294
2016-03-21,32.34,0.798677,0.679063
2016-03-22,32.32,0.787035,0.71468
2016-03-23,32,0.759062,0.737357
2016-03-24,31.88,0.690997,0.74692
2016-03-28,31.9,0.609561,0.735338
2016-03-29,32.38,0.5493,0.704168
2016-03-30,32.71,0.539682,0.663461
2016-03-31,32.35,0.544363,0.630176
2016-04-01,32.45,0.494995,0.606145
2016-04-04,32,0.456462,0.575057
2016-04-05,31.9,0.368156,0.541258
2016-04-06,32.08,0.28471,0.49156
2016-04-07,31.55,0.230836,0.432353
2016-04-08,31.63,0.114413,0.374094
2016-04-11,31.67,0.0412567,0.300572
2016-04-12,31.86,-0.0112237,0.227265
2016-04-13,32.13,-0.0279451,0.159281
2016-04-14,31.8,-0.0114212,0.104006
2016-04-15,31.46,-0.0337296,0.0668577
2016-04-18,31.65,-0.0984629,0.0338231
2016-04-19,31.6,-0.129909,-0.00752702
2016-04-20,32,-0.150814,-0.0455529
2016-04-21,31.97,-0.119724,-0.0783656
2016-04-22,31.64,-0.0953204,-0.0939351
2016-04-25,31.39,-0.108271,-0.0974103
2016-04-26,31.4,-0.145666,-0.102356
2016-04-27,31.75,-0.160523,-0.115189
2016-04-28,31.11,-0.125721,-0.128501
2016-04-29,30.28,-0.168131,-0.129511
2016-05-02,30.61,-0.287778,-0.141171
2016-05-03,30.36,-0.34364,-0.180647
2016-05-04,29.85,-0.403144,-0.224584
2016-05-05,29.9,-0.49053,-0.272988
2016-05-06,30.04,-0.540411,-0.332905
2016-05-09,29.8,-0.549088,-0.391422
2016-05-10,30.14,-0.579682,-0.437415
2016-05-11,30.06,-0.554753,-0.479457
2016-05-12,29.76,-0.534097,-0.504162
2016-05-13,29.91,-0.538672,-0.517738
2016-05-16,30.39,-0.514925,-0.5285
2016-05-17,29.98,-0.446324,-0.528495
2016-05-18,29.99,-0.421591,-0.509484
2016-05-19,29.63,-0.381885,-0.487786
2016-05-20,30.15,-0.385353,-0.45969
2016-05-23,30.23,-0.317955,-0.438792
2016-05-24,31.06,-0.246639,-0.405135
2016-05-25,31.39,-0.101476,-0.360542
2016-05-26,31.49,0.0463223,-0.289014
2016-05-27,31.57,0.172589,-0.196521
2016-05-31,31.59,0.274666,-0.0936322
2016-06-01,31.66,0.352906,0.0102218
2016-06-02,31.76,0.417795,0.107816
2016-06-03,31.62,0.468889,0.197833
2016-06-06,31.68,0.480233,0.27829
2016-06-07,31.88,0.498461,0.341689
2016-06-08,31.89,0.522221,0.393061
2016-06-09,31.94,0.531836,0.436822
2016-06-10,32.04,0.53213,0.470023
2016-06-13,32.17,0.531582,0.492798
2016-06-14,32.14,0.519751,0.507849
2016-06-15,31.61,0.493096,0.514481
2016-06-16,31.69,0.406131,0.511226
2016-06-17,31.76,0.337349,0.484778
2016-06-20,32.17,0.287963,0.445959
2016-06-21,32.32,0.286072,0.403591
2016-06-22,32.29,0.289226,0.371043
2016-06-23,32.99,0.28389,0.347113
2016-06-24,31.55,0.350897,0.327608
2016-06-27,30.72,0.232671,0.330726
2016-06-28,31.19,0.0484856,0.301753
2016-06-29,31.93,-0.0473507,0.231406
2016-06-30,32.8,-0.0398136,0.153654
2016-07-01,32.75,0.0551061,0.0986344
2016-07-05,32.68,0.124986,0.0835417
2016-07-06,32.97,0.176867,0.0914714
2016-07-07,33.2,0.24315,0.111191
2016-07-08,34,0.312772,0.143493
2016-07-11,34.38,0.439254,0.186244
2016-07-12,34.94,0.56516,0.250815
2016-07-13,35.01,0.710654,0.334361
2016-07-14,35.2,0.803503,0.438313
2016-07-15,35.07,0.899917,0.542304
2016-07-18,35.05,0.957583,0.645726
2016-07-19,35.15,0.977796,0.737154
2016-07-20,35.69,0.978306,0.810037
2016-07-21,34.27,1.00876,0.864061
2016-07-22,34.66,0.864317,0.911658
2016-07-25,34.69,0.783585,0.908051
2016-07-26,35.09,0.703422,0.882071
2016-07-27,34.83,0.669739,0.839471
2016-07-28,34.77,0.592326,0.796428
2016-07-29,34.86,0.513101,0.742252
2016-08-01,34.85,0.444941,0.679194
2016-08-02,34.56,0.380362,0.612983
2016-08-03,34.25,0.294507,0.545915
2016-08-04,34.58,0.177371,0.472862
2016-08-05,34.98,0.108793,0.386586
2016-08-08,35.04,0.0941617,0.305866
2016-08-09,34.92,0.0806695,0.242655
2016-08-10,34.53,0.0791523,0.192868
2016-08-11,34.68,0.0262018,0.155628
2016-08-12,34.57,-0.00229643,0.114826
2016-08-15,34.91,-0.0419538,0.0778565
2016-08-16,35.21,-0.0322803,0.0406402
2016-08-17,35.02,0.0130906,0.0162541
2016-08-18,34.97,0.0274632,0.0112649
2016-08-19,35.24,0.0370445,0.0130781
2016-08-22,35.36,0.0775064,0.0179993
2016-08-23,35.4,0.126319,0.0326276
2016-08-24,35.15,0.160516,0.0567315
2016-08-25,35.09,0.151622,0.0838915
2016-08-26,35.26,0.13641,0.102695
2016-08-29,35.55,0.148118,0.113193
2016-08-30,35.7,0.179166,0.12476
2016-08-31,35.89,0.21645,0.141516
2016-09-01,36.02,0.262942,0.163283
2016-09-02,36.08,0.306328,0.191711
2016-09-06,36.57,0.333851,0.224382
2016-09-07,36.46,0.40312,0.255574
2016-09-08,36.44,0.437925,0.29659
2016-09-09,35.44,0.450604,0.336062
2016-09-12,36.08,0.34094,0.369158
2016-09-13,35.61,0.316914,0.365155
2016-09-14,35.62,0.248369,0.355613
2016-09-15,36.56,0.19763,0.329834
2016-09-16,37.67,0.254635,0.296502
2016-09-19,37.16,0.406033,0.285912
2016-09-20,37.14,0.451499,0.317429
2016-09-21,37.45,0.472871,0.352702
2016-09-22,37.55,0.509528,0.383785
2016-09-23,37.19,0.539453,0.416289
2016-09-26,36.65,0.508587,0.448405
2016-09-27,37.18,0.417383,0.465952
2016-09-28,37.44,0.396543,0.455308
2016-09-29,37.32,0.416938,0.442828
2016-09-30,37.75,0.40383,0.439627
2016-10-03,37.66,0.439286,0.432903
2016-10-04,37.54,0.445924,0.434995
2016-10-05,37.99,0.415526,0.437644
2016-10-06,38.07,0.417186,0.431259
2016-10-07,38.1,0.426714,0.426363
2016-10-10,38.02,0.429325,0.424769
2016-10-11,37.27,0.410808,0.424725
2016-10-12,37.13,0.307545,0.421148
2016-10-13,36.97,0.213686,0.391419
2016-10-14,37.45,0.13338,0.343954
2016-10-17,37.29,0.113274,0.287276
2016-10-18,37.75,0.0740676,0.238912
2016-10-19,35.51,0.0833274,0.192153
2016-10-20,35.43,-0.153922,0.159991
2016-10-21,35.15,-0.343553,0.0729925
2016-10-24,35.26,-0.511658,-0.0426351
2016-10-25,35.1,-0.618614,-0.173929
2016-10-26,34.92,-0.698862,-0.300457
2016-10-27,34.81,-0.772605,-0.415073
2016-10-28,34.74,-0.827506,-0.51917
2016-10-31,34.87,-0.850242,-0.610589
2016-11-01,34.52,-0.836421,-0.684876
2016-11-02,34.6,-0.850355,-0.736346
2016-11-03,33.93,-0.850208,-0.778777
2016-11-04,33.61,-0.901812,-0.807022
2016-11-07,34.69,-0.964256,-0.839048
2016-11-08,34.74,-0.848819,-0.877102
2016-11-09,34.75,-0.735481,-0.873465
2016-11-10,34.5,-0.63085,-0.839516
2016-11-11,34.61,-0.567832,-0.785234
2016-11-14,34.48,-0.489511,-0.72701
2016-11-15,34.91,-0.428757,-0.662254
2016-11-16,34.84,-0.323334,-0.597798
2016-11-17,35.02,-0.240924,-0.52132
2016-11-18,34.95,-0.159532,-0.442131
2016-11-21,34.98,-0.0956625,-0.360408
2016-11-22,35.48,-0.0414231,-0.281263
2016-11-23,35.2,0.07148,-0.209258
2016-11-25,35.44,0.133787,-0.127035
2016-11-28,35.51,0.198524,-0.0504222
2016-11-29,35.31,0.23486,0.0232471
2016-11-30,34.7,0.237417,0.086957
2016-12-01,33.76,0.172536,0.13451
2016-12-02,34.16,0.0211885,0.151414
2016-12-05,34.39,-0.0483427,0.122768
2016-12-06,34.72,-0.0820699,0.0816493
2016-12-07,35.5,-0.0707182,0.0409223
2016-12-08,35.7,0.0189592,0.0125751
2016-12-09,35.76,0.109047,0.0133876
2016-12-12,35.97,0.177403,0.0369334
2016-12-13,36.8,0.241024,0.0717357
2016-12-14,36.55,0.370061,0.11415
2016-12-15,36.79,0.425552,0.180106
2016-12-16,36.31,0.492184,0.245242
2016-12-19,36.89,0.485135,0.314004
2016-12-20,37.21,0.542129,0.364746
2016-12-21,36.98,0.62144,0.418404
2016-12-22,36.93,0.642129,0.479489
2016-12-23,36.97,0.637677,0.529446
2016-12-27,37.07,0.627347,0.56439
2016-12-28,36.63,0.608277,0.586842
2016-12-29,36.66,0.534861,0.597679
2016-12-30,36.27,0.471818,0.584433
2017-01-03,36.6,0.371189,0.55697
2017-01-04,36.41,0.316158,0.50872
2017-01-05,36.35,0.248662,0.458058
2017-01-06,36.48,0.184386,0.401331
2017-01-09,36.61,0.152742,0.340575
2017-01-10,36.54,0.128866,0.286316
2017-01-11,36.95,0.088626,0.239363
2017-01-12,36.71,0.0914121,0.193642
2017-01-13,36.79,0.0655273,0.160373
2017-01-17,36.8,0.0506076,0.12966
2017-01-18,36.76,0.0370551,0.103613
2017-01-19,36.57,0.0318684,0.0819888
2017-01-20,36.94,0.00664102,0.0652176
2017-01-23,36.77,0.0317001,0.0469628
2017-01-24,37.62,0.0278989,0.0408693
2017-01-25,37.8,0.124846,0.0357642
2017-01-26,37.56,0.213748,0.0579746
2017-01-27,37.98,0.251831,0.0987847
2017-01-30,37.42,0.315248,0.139439
2017-01-31,36.82,0.303755,0.187117
2017-02-01,36.52,0.223768,0.220053
2017-02-02,36.68,0.130068,0.223767
2017-02-03,36.52,0.0736838,0.201807
2017-02-06,36.27,0.0136055,0.170777
2017-02-07,36.35,-0.0565638,0.131214
2017-02-08,36.38,-0.100604,0.0830094
2017-02-09,35.46,-0.133925,0.0337427
2017-02-10,35.34,-0.256749,-0.0133608
2017-02-13,35.8,-0.367597,-0.0817952
2017-02-14,35.93,-0.401403,-0.163433
2017-02-15,36.05,-0.405484,-0.233445
2017-02-16,36.41,-0.395847,-0.285842
2017-02-17,36.48,-0.336546,-0.321189
2017-02-21,36.52,-0.272346,-0.331149
2017-02-22,36.07,-0.207882,-0.320714
2017-02-23,36.18,-0.208256,-0.294764
2017-02-24,36.53,-0.190298,-0.274743
2017-02-27,36.51,-0.132256,-0.254473
2017-02-28,36.2,-0.0895488,-0.222061
2017-03-01,35.93,-0.0908341,-0.184785
2017-03-02,35.91,-0.10213,-0.156664
2017-03-03,35.9,-0.108878,-0.138505
2017-03-06,35.57,-0.109959,-0.126817
2017-03-07,35.8,-0.141563,-0.119222
2017-03-08,35.62,-0.139308,-0.122856
2017-03-09,35.82,-0.153346,-0.125946
2017-03-10,35.91,-0.143468,-0.131977
2017-03-13,35.16,-0.128578,-0.134151
2017-03-14,35.18,-0.191112,-0.132703
2017-03-15,35.1,-0.232074,-0.14882
2017-03-16,35.14,-0.273234,-0.171741
2017-03-17,35.27,-0.297254,-0.199667
2017-03-20,35.43,-0.291537,-0.226874
2017-03-21,35.04,-0.260939,-0.245749
2017-03-22,35.37,-0.283108,-0.251327
2017-03-23,35.27,-0.261687,-0.261418
2017-03-24,35.16,-0.244007,-0.263101
2017-03-27,35.39,-0.240444,-0.259828
2017-03-28,35.6,-0.20538,-0.256651
2017-03-29,35.57,-0.152197,-0.244046
2017-03-30,35.75,-0.112667,-0.219892
2017-03-31,36.07,-0.0496591,-0.19069
2017-04-03,36.16,0.0301607,-0.151739
2017-04-04,36.28,0.102642,-0.101465
2017-04-05,36.22,0.172506,-0.0450139
2017-04-06,36.03,0.215853,0.0161632
2017-04-07,36.03,0.221404,0.0732099
2017-04-10,35.8,0.226441,0.117202
2017-04-11,35.74,0.198377,0.151477
2017-04-12,35.63,0.169993,0.169225
2017-04-13,35.25,0.133702,0.174224
2017-04-17,35.48,0.0631146,0.167769
2017-04-18,35.77,0.0296917,0.143288
2017-04-19,35.91,0.0375068,0.114882
2017-04-20,36.18,0.0563666,0.0945662
2017-04-21,36.32,0.0870965,0.0832837
2017-04-24,36.75,0.12119,0.082316
2017-04-25,36.87,0.186787,0.0905396
2017-04-26,36.93,0.245232,0.11401
2017-04-27,37.43,0.293831,0.147514
2017-04-28,36.15,0.379273,0.185941
2017-05-01,36.31,0.299142,0.237937
2017-05-02,36.97,0.25405,0.25676
2017-05-03,36.98,0.286637,0.259429
2017-05-04,36.85,0.311162,0.269948
2017-05-05,36.82,0.308932,0.284053
2017-05-08,36.54,0.296425,0.293582
2017-05-09,36.37,0.249599,0.296907
2017-05-10,36.01,0.189417,0.286017
2017-05-11,35.69,0.103039,0.261034
2017-05-12,35.53,-0.00329529,0.218689
2017-05-15,35.63,-0.101411,0.157486
2017-05-16,35.82,-0.164803,0.0867858
2017-05-17,35.04,-0.199326,0.0176401
2017-05-18,35.22,-0.288767,-0.0438512
2017-05-19,35.4,-0.336723,-0.11403
2017-05-22,35.77,-0.359058,-0.179335
2017-05-23,35.86,-0.333524,-0.234045
2017-05-24,36.12,-0.303171,-0.267614
2017-05-25,36.26,-0.247722,-0.283852
2017-05-26,36.26,-0.182549,-0.280052
2017-05-30,36.18,-0.128224,-0.25835
2017-05-31,36.11,-0.0869981,-0.226219
2017-06-01,36.12,-0.0560422,-0.190253
2017-06-02,36.32,-0.0236533,-0.154563
2017-06-05,36.34,0.0238868,-0.11788
2017-06-06,36.13,0.0610191,-0.0770587
2017-06-07,36.26,0.0832305,-0.0362724
2017-06-08,36.48,0.101467,-0.000179307
2017-06-09,35.71,0.137145,0.0312688
2017-06-12,35.73,0.081549,0.0634796
2017-06-13,35.88,0.0415313,0.0719369
2017-06-14,35.53,0.0238415,0.066868
2017-06-15,35.31,-0.0281443,0.0577649
2017-06-16,35.21,-0.0916462,0.0367038
2017-06-19,35.51,-0.148236,0.00360197
2017-06-20,34.86,-0.158133,-0.0369254
2017-06-21,34.58,-0.235733,-0.0704967
2017-06-22,34.36,-0.325069,-0.116564
2017-06-23,34.19,-0.410829,-0.175054
2017-06-26,34.07,-0.482866,-0.242173
2017-06-27,33.65,-0.551563,-0.310766
2017-06-28,34.2,-0.642487,-0.379813
2017-06-29,33.54,-0.630575,-0.455422
2017-06-30,33.74,-0.679461,-0.508198
2017-07-03,33.46,-0.685041,-0.559783
2017-07-05,34.34,-0.700539,-0.599106
2017-07-06,33.63,-0.601325,-0.632556
2017-07-07,33.88,-0.590156,-0.630202
2017-07-10,33.65,-0.548865,-0.624145
2017-07-11,33.92,-0.523592,-0.607385
2017-07-12,34.25,-0.461151,-0.587044
2017-07-13,34.24,-0.364115,-0.554222
2017-07-14,34.68,-0.280786,-0.502542
2017-07-17,34.47,-0.163552,-0.441885
2017-07-18,34.53,-0.0848876,-0.364605
2017-07-19,34.56,-0.0198956,-0.285722
2017-07-20,34.75,0.03853,-0.209111
2017-07-21,34.73,0.102696,-0.137655
2017-07-24,34.5,0.155668,-0.0672312
2017-07-25,34.67,0.156124,-0.000995967
2017-07-26,34.75,0.1825,0.0484244
2017-07-27,34.97,0.205991,0.0915455
2017-07-28,35.31,0.252126,0.128662
2017-07-31,35.47,0.311949,0.167478
2017-08-01,36.35,0.362971,0.21069
2017-08-02,36.64,0.488094,0.255442
2017-08-03,36.49,0.597241,0.321183
2017-08-04,36.3,0.654663,0.398533
2017-08-07,36.43,0.661435,0.4708
2017-08-08,36.41,0.673057,0.526004
2017-08-09,36.59,0.659267,0.570479
2017-08-10,36.14,0.657711,0.599789
2017-08-11,35.87,0.596849,0.621008
2017-08-14,36.34,0.516639,0.620111
2017-08-15,36,0.489902,0.597297
2017-08-16,35.81,0.422693,0.572342
2017-08-17,35.17,0.336138,0.533954
2017-08-18,35.01,0.194817,0.480605
2017-08-21,34.92,0.0564131,0.402297
2017-08-22,34.65,-0.0653395,0.3068
2017-08-23,34.66,-0.18173,0.20275
2017-08-24,34.71,-0.266935,0.0940833
2017-08-25,34.67,-0.325381,-0.00996567
2017-08-28,34.65,-0.370642,-0.102578
2017-08-29,34.73,-0.404469,-0.182831
2017-08-30,34.89,-0.411257,-0.251583
2017-08-31,35.07,-0.39318,-0.303943
2017-09-01,35.09,-0.361613,-0.337132
2017-09-05,35.02,-0.32694,-0.351554
2017-09-06,35.76,-0.300383,-0.351119
2017-09-07,35.54,-0.1855,-0.341942
2017-09-08,35.19,-0.116104,-0.302888
2017-09-11,35.77,-0.0895037,-0.253941
2017-09-12,36.09,0.00272676,-0.209313
2017-09-13,36.33,0.107533,-0.150733
2017-09-14,36.48,0.210333,-0.0785281
2017-09-15,37,0.304305,0.00296027
2017-09-18,37,0.428288,0.0887019
2017-09-19,37.23,0.517629,0.185382
2017-09-20,37.07,0.597301,0.281044
2017-09-21,37.2,0.627185,0.3735
2017-09-22,37.18,0.658842,0.449046
2017-09-25,37.16,0.66973,0.513056
2017-09-26,37.47,0.654043,0.563551
2017-09-27,37.54,0.662311,0.595891
2017-09-28,37.83,0.668229,0.620772
2017-09-29,38.08,0.683112,0.639468
2017-10-02,39.04,0.701329,0.65603
2017-10-03,39.38,0.80048,0.671428
2017-10-04,39.34,0.893744,0.707911
2017-10-05,39.53,0.934141,0.758791
2017-10-06,39.63,0.965791,0.807208
2017-10-09,39.86,0.978256,0.851433
2017-10-10,39.65,0.996194,0.887741
2017-10-11,39.3,0.967303,0.919959
2017-10-12,39.19,0.889558,0.936345
2017-10-13,39.67,0.801221,0.92795
2017-10-16,39.76,0.77206,0.89803
2017-10-17,39.79,0.741268,0.867592
2017-10-18,40.25,0.698374,0.835128
2017-10-19,40.09,0.701323,0.798025
2017-10-20,40.43,0.660226,0.770376
2017-10-23,40.83,0.647734,0.73828
2017-10-24,40.95,0.66784,0.710712
2017-10-25,40.78,0.68251,0.695096
2017-10-26,41.35,0.658897,0.687701
2017-10-27,44.4,0.686149,0.677059
2017-10-30,44.37,1.0188,0.677615
2017-10-31,45.49,1.2504,0.766592
2017-11-01,46.71,1.52122,0.895139
2017-11-02,47.1,1.81925,1.06393
2017-11-03,46.34,2.05221,1.26944
2017-11-06,46.7,2.10874,1.4859
2017-11-07,46.78,2.14768,1.6634
2017-11-08,46.7,2.15124,1.80655
2017-11-09,46.3,2.11106,1.91463
2017-11-10,45.58,1.99892,1.9854
2017-11-13,45.75,1.80086,2.00837
2017-11-14,45.86,1.64268,1.96816
2017-11-15,45.46,1.49927,1.89264
2017-11-16,45.65,1.27942,1.79397
2017-11-17,44.63,1.10572,1.65728
2017-11-20,44.62,0.821631,1.50527
2017-11-21,44.94,0.565988,1.31516
2017-11-22,44.65,0.386694,1.10427
2017-11-24,44.75,0.215435,0.898551
2017-11-27,44.49,0.0788352,0.699492
2017-11-28,44.73,-0.0604857,0.515683
2017-11-29,43.95,-0.149084,0.343873
2017-11-30,44.84,-0.298191,0.193903
2017-12-01,44.68,-0.305559,0.0440641
2017-12-04,44.49,-0.332802,-0.0669871
2017-12-05,43.44,-0.37958,-0.154901
2017-12-06,43.45,-0.518259,-0.228991
2017-12-07,43.08,-0.59399,-0.317484
2017-12-08,43.35,-0.668353,-0.401241
2017-12-11,43.66,-0.674654,-0.481203
2017-12-12,43.33,-0.627406,-0.540807
2017-12-13,43.34,-0.606378,-0.570914
2017-12-14,43.26,-0.584333,-0.586602
2017-12-15,44.56,-0.55714,-0.590304
2017-12-18,46.26,-0.387903,-0.585766
2017-12-19,47.04,-0.0590922,-0.537122
2017-12-20,47.56,0.259419,-0.412834
2017-12-21,46.76,0.547776,-0.233169
2017-12-22,46.7,0.675663,-0.0208991
2017-12-26,46.08,0.772794,0.173292
2017-12-27,46.11,0.766836,0.344761
2017-12-28,46.22,0.763518,0.47108
2017-12-29,46.16,0.750883,0.564626
2018-01-02,46.85,0.720062,0.63111
2018-01-03,45.26,0.768156,0.672402
2018-01-04,44.43,0.621208,0.713587
2018-01-05,44.74,0.416142,0.700641
2018-01-08,44.74,0.269523,0.631855
2018-01-09,43.62,0.132711,0.537121
2018-01-10,42.5,-0.11227,0.427918
2018-01-11,43.41,-0.417248,0.279667
2018-01-12,43.24,-0.535295,0.0877735
2018-01-16,43.14,-0.637152,-0.08737
2018-01-17,44.39,-0.718025,-0.245523
2018-01-18,44.48,-0.638109,-0.385103
2018-01-19,44.82,-0.567724,-0.469334
2018-01-22,45.75,-0.471153,-0.511668
2018-01-23,46.06,-0.303349,-0.514777
2018-01-24,45.51,-0.124477,-0.470466
2018-01-25,45.3,-0.0384545,-0.387806
2018-01-26,50.08,-0.00328134,-0.299367
2018-01-29,49.98,0.543414,-0.21917
2018-01-30,48.79,0.965248,-0.0124311
2018-01-31,48.14,1.16609,0.255894
2018-02-01,47.65,1.22687,0.511551
2018-02-02,46.15,1.20181,0.718202
2018-02-05,44.52,1.00965,0.865504
2018-02-06,44.91,0.656653,0.923631
2018-02-07,45.2,0.42487,0.871208
2018-02-08,42.75,0.273883,0.767819
2018-02-09,43.95,-0.117374,0.648995
2018-02-12,44.83,-0.277567,0.4557
2018-02-13,44.46,-0.304569,0.260136
2018-02-14,45.38,-0.364829,0.100016
2018-02-15,45.92,-0.373753,-0.0390343
2018-02-16,45.56,-0.322416,-0.146593
2018-02-20,46.32,-0.317608,-0.213288
2018-02-21,45.94,-0.23636,-0.259168
2018-02-22,45.8,-0.205365,-0.266789
2018-02-23,47.73,-0.180237,-0.260835
2018-02-26,49.11,0.0653628,-0.24746
2018-02-27,49.91,0.398731,-0.166528
2018-02-28,49.29,0.722787,-0.0151243
2018-03-01,47.84,0.924707,0.18468
2018-03-02,48.98,0.899626,0.388925
2018-03-05,49.75,0.980601,0.535597
2018-03-06,50.71,1.10954,0.666287
2018-03-07,51.32,1.27663,0.798392
2018-03-08,50.74,1.48311,0.940523
2018-03-09,52.19,1.56336,1.10136
2018-03-12,51.52,1.73848,1.24287
