2013-05-09,30.9157,0.919773,0.919773
2013-05-10,31.0986,1.34808,0.919773
2013-05-13,32.7686,1.65301,1.03324
2013-05-14,33.4243,2.0451,1.19912
2013-05-15,34.7714,2.36394,1.4274
2013-05-16,33.8614,2.70954,1.68308
2013-05-17,34.1429,2.82195,1.9664
2013-05-20,34.2214,2.90639,2.20867
2013-05-21,33.87,2.94756,2.41273
2013-05-22,32.6514,2.90782,2.57669
2013-05-23,32.3114,2.69752,2.68913
2013-05-24,32.6771,2.43272,2.71775
2013-05-28,30.5986,2.13622,2.66267
2013-05-29,30.7629,1.64383,2.53827
2013-05-30,31.8086,1.25272,2.30867
2013-05-31,32.3214,1.03448,2.02811
2013-06-03,31.71,0.880548,1.75471
2013-06-04,32.1871,0.658213,1.50721
2013-06-05,31.9229,0.506484,1.26142
2013-06-06,31.1057,0.354299,1.03627
2013-06-07,31.46,0.133116,0.827681
2013-06-10,31.5614,-0.0130548,0.615783
2013-06-11,30.6371,-0.12974,0.422086
2013-06-12,29.6629,-0.319566,0.250325
2013-06-13,30.77,-0.572315,0.0785613
2013-06-14,30.57,-0.640314,-0.111384
2013-06-17,32.7471,-0.628448,-0.268602
2013-06-18,32.69,-0.379767,-0.381075
2013-06-19,33.1871,-0.209454,-0.396233
2013-06-20,31.9314,-0.0327917,-0.360219
2013-06-21,30.9857,-0.0115387,-0.284137
2013-06-24,30.8,-0.0954652,-0.218146
2013-06-25,30.4143,-0.157814,-0.188705
2013-06-26,30.3,-0.234924,-0.181401
2013-06-27,30.71,-0.299134,-0.193519
2013-06-28,30.1557,-0.294796,-0.215847
2013-07-01,32.04,-0.331398,-0.23043
2013-07-02,31.6371,-0.144368,-0.25124
2013-07-03,31.5586,-0.0599395,-0.22101
2013-07-05,32.1571,0.00457665,-0.178512
2013-07-08,33.3,0.0690673,-0.132182
2013-07-09,35.34,0.237752,-0.0806675
2013-07-10,34.8314,0.578279,0.00390856
2013-07-11,34.8814,0.791265,0.158483
2013-07-12,36.7514,0.952389,0.331987
2013-07-15,36.8543,1.26589,0.505759
2013-07-16,37.2114,1.49661,0.719076
2013-07-17,38.2743,1.67964,0.940731
2013-07-18,38.0586,1.90151,1.15267
2013-07-19,37.7971,2.02385,1.36914
2013-07-22,37.4229,2.02066,1.56294
2013-07-23,35.7514,1.93993,1.70649
2013-07-24,34.4714,1.6773,1.79024
2013-07-25,35.2486,1.30423,1.7784
2013-07-26,35.1871,1.08746,1.66751
2013-07-29,34.9943,0.869857,1.52451
2013-07-30,34.8229,0.680382,1.35494
2013-07-31,34.9257,0.4941,1.17412
2013-08-01,35.5886,0.316744,0.986431
2013-08-02,35.1686,0.237381,0.795367
2013-08-05,36.2629,0.11086,0.629219
2013-08-06,36.5571,0.104012,0.471138
2013-08-07,35.6014,0.123239,0.351967
2013-08-08,35.7714,0.0206128,0.271601
2013-08-09,36.1071,-0.0274849,0.189704
2013-08-12,36.6571,-0.0153478,0.118774
2013-08-13,37.0271,0.0633031,0.0720375
2013-08-14,37.4014,0.149327,0.060648
2013-08-15,36.2014,0.25727,0.0776743
2013-08-16,36.9814,0.224078,0.121686
2013-08-19,37.1114,0.276796,0.147085
2013-08-20,39.0414,0.324144,0.181989
2013-08-21,38.6243,0.568036,0.220811
2013-08-22,38.5357,0.705894,0.314253
2013-08-23,39.7657,0.778445,0.422387
2013-08-26,40.3886,0.95928,0.523424
2013-08-27,39.4343,1.16094,0.646928
2013-08-28,40.48,1.19051,0.791807
2013-08-29,41.1214,1.30025,0.907015
2013-08-30,40.5586,1.40863,1.02088
2013-09-03,41.2857,1.38815,1.13549
2013-09-04,41.7757,1.42582,1.21524
2013-09-05,42.1586,1.49672,1.28432
2013-09-06,41.6486,1.55131,1.35127
2013-09-09,42.0214,1.50557,1.41389
2013-09-10,44.7229,1.45573,1.44766
2013-09-11,44.0429,1.68928,1.45708
2013-09-12,43.0586,1.75658,1.52301
2013-09-13,43.6643,1.66023,1.58985
2013-09-16,43.1657,1.61422,1.61282
2013-09-17,42.7929,1.49925,1.61623
2013-09-18,43.8457,1.32892,1.58865
2013-09-19,43.6429,1.27844,1.52227
2013-09-20,44.8329,1.20338,1.45805
2013-09-23,43.1486,1.24112,1.38919
2013-09-24,43.7843,1.05869,1.34823
2013-09-25,43.8771,0.948822,1.26992
2013-09-26,44.7871,0.865859,1.1786
2013-09-27,44.6286,0.874668,1.08713
2013-09-30,44.1729,0.820821,1.02229
2013-10-01,46.3743,0.715884,0.960089
2013-10-02,47.2471,0.865767,0.887351
2013-10-03,45.96,1.05251,0.875045
2013-10-04,46.7514,1.04463,0.916041
2013-10-07,45.4514,1.09818,0.945821
2013-10-08,43.1886,0.970284,0.981779
2013-10-09,41.2043,0.620413,0.977586
2013-10-10,43.4271,0.109438,0.883393
2013-10-11,42.9786,-0.0133655,0.67862
2013-10-14,46.3371,-0.161459,0.492375
2013-10-15,45.9557,0.0875753,0.314263
2013-10-16,46.1257,0.210741,0.248217
2013-10-17,47.1571,0.318333,0.229076
2013-10-18,47.6429,0.531624,0.240438
2013-10-21,50.7129,0.697416,0.305581
2013-10-22,46.0743,1.11355,0.397561
2013-10-23,47.1771,0.93013,0.578695
2013-10-24,47.3171,0.876263,0.671174
2013-10-25,46.8614,0.846836,0.733886
2013-10-28,44.8571,0.800696,0.774957
2013-10-29,46.7571,0.565997,0.795745
2013-10-30,45.4486,0.565351,0.745446
2013-10-31,46.0686,0.407999,0.705712
2013-11-01,47.0386,0.30624,0.632621
2013-11-04,48.2286,0.331008,0.547664
2013-11-05,48.7857,0.473948,0.488034
2013-11-06,47.9471,0.614327,0.47497
2013-11-07,46.6943,0.604913,0.505098
2013-11-08,47.8429,0.425397,0.526004
2013-11-11,48.2729,0.476871,0.494565
2013-11-12,47.6757,0.527603,0.48531
2013-11-13,47.8971,0.497041,0.495311
2013-11-14,48.9386,0.483652,0.494724
2013-11-15,49.9657,0.582502,0.493085
2013-11-18,48.8243,0.70694,0.51956
2013-11-19,48.1843,0.696904,0.572014
2013-11-20,48.5029,0.592309,0.606562
2013-11-21,49.7857,0.550133,0.60267
2013-11-22,49.6929,0.624668,0.588719
2013-11-25,50.0343,0.650559,0.600679
2013-11-26,50.7429,0.71384,0.61574
2013-11-27,51.7843,0.846972,0.643043
2013-11-29,52.2571,1.05782,0.699246
2013-12-02,51.9886,1.20453,0.797455
2013-12-03,51.8486,1.28177,0.908503
2013-12-04,50.8957,1.30118,1.0104
2013-12-05,51.1514,1.17252,1.09211
2013-12-06,50.6343,1.0476,1.12087
2013-12-09,50.81,0.908045,1.10997
2013-12-10,51.8714,0.800958,1.06372
2013-12-11,51.9971,0.817214,1.00027
2013-12-12,53.3329,0.815553,0.956049
2013-12-13,52.71,0.951784,0.920456
2013-12-16,52.33,0.969711,0.926706
2013-12-17,53.5529,0.906741,0.933954
2013-12-18,53.7486,0.944317,0.921556
2013-12-19,53.82,0.974065,0.921922
2013-12-20,53.6671,0.989468,0.931997
2013-12-23,54.3686,0.959364,0.945498
2013-12-24,54.0557,1.00541,0.94973
2013-12-26,53.8471,0.991055,0.966699
2013-12-27,52.5,0.955292,0.975382
2013-12-30,52.4271,0.754314,0.972444
2013-12-31,52.5957,0.558577,0.914965
2014-01-02,51.8314,0.415693,0.819735
2014-01-03,51.8714,0.206884,0.711399
2014-01-06,51.3671,0.0538627,0.574269
2014-01-07,48.5,-0.111983,0.430439
2014-01-08,48.7129,-0.555964,0.278401
2014-01-09,48.15,-0.854359,0.0472037
2014-01-10,47.4486,-1.12383,-0.205932
2014-01-13,48.1157,-1.38513,-0.466958
2014-01-14,48.28,-1.50125,-0.731416
2014-01-15,47.1971,-1.55455,-0.957524
2014-01-16,47.3829,-1.68456,-1.13831
2014-01-17,47.1486,-1.72439,-1.3062
2014-01-21,46.9586,-1.75197,-1.43956
2014-01-22,47.6757,-1.75983,-1.5446
2014-01-23,55.5314,-1.6494,-1.62299
2014-01-24,55.1543,-0.68826,-1.64591
2014-01-27,54.4614,0.00682121,-1.40402
2014-01-28,58.11,0.493944,-1.03444
2014-01-29,57.2029,1.25499,-0.624311
2014-01-30,57.81,1.72569,-0.113368
2014-01-31,58.4757,2.13515,0.395334
2014-02-03,57.7686,2.47751,0.887273
2014-02-04,57.9871,2.63159,1.34752
2014-02-05,57.7743,2.7505,1.73393
2014-02-06,58.2729,2.77836,2.05536
2014-02-07,61.4257,2.80819,2.30217
2014-02-10,61.4914,3.13175,2.48084
2014-02-11,61.9986,3.32932,2.69018
2014-02-12,61.2757,3.36384,2.89227
2014-02-13,62.3643,3.25955,3.04162
2014-02-14,62.2157,3.24621,3.11898
2014-02-18,62.4071,3.08369,3.16737
2014-02-19,61.1757,2.93334,3.15549
2014-02-20,62.1357,2.61443,3.10445
2014-02-21,61.7471,2.40431,2.97992
2014-02-24,63.8571,2.16525,2.83043
2014-02-25,64.7186,2.15894,2.65455
2014-02-26,64.1129,2.18785,2.51613
2014-02-27,64.6043,2.08565,2.41703
2014-02-28,63.6614,1.96126,2.31512
2014-03-03,63.6557,1.70941,2.20728
2014-03-04,64.9971,1.46771,2.05989
2014-03-05,64.7857,1.46672,1.88774
2014-03-06,64.3586,1.39087,1.7606
2014-03-07,64.0529,1.24985,1.64992
2014-03-10,62.85,1.10997,1.53268
2014-03-11,62.4971,0.860982,1.41126
2014-03-12,62.3686,0.607449,1.25432
2014-03-13,61.4371,0.398312,1.06903
2014-03-14,60.6414,0.0924745,0.876177
2014-03-17,60.3886,-0.243578,0.652372
2014-03-18,60.0357,-0.522516,0.399249
2014-03-19,60.0129,-0.773774,0.139117
2014-03-20,60.61,-0.91909,-0.122531
2014-03-21,57.9986,-0.952394,-0.356132
2014-03-24,54.1286,-1.25929,-0.538052
2014-03-25,52.9771,-1.89051,-0.753706
2014-03-26,53.1829,-2.44486,-1.07895
2014-03-27,52.0257,-2.79867,-1.46597
2014-03-28,51.2671,-3.12585,-1.84684
2014-03-31,50.29,-3.40897,-2.2146
2014-04-01,52.0986,-3.66204,-2.56042
2014-04-02,51.84,-3.5899,-2.88266
2014-04-03,50.67,-3.47394,-3.10148
2014-04-04,48.1871,-3.43899,-3.23271
2014-04-07,48.2857,-3.61578,-3.32138
2014-04-08,49.8414,-3.66721,-3.43013
2014-04-09,50.4329,-3.48948,-3.51591
2014-04-10,47.8186,-3.19286,-3.52489
2014-04-11,46.6729,-3.12007,-3.44776
2014-04-14,47.3686,-3.10558,-3.36575
2014-04-15,46.61,-2.95844,-3.29618
2014-04-16,47.3443,-2.84951,-3.20125
2014-04-17,49.3914,-2.62438,-3.10227
2014-04-21,49.7843,-2.16519,-2.97012
2014-04-22,53.2714,-1.75204,-2.74989
2014-04-23,50.5,-1.0291,-2.47262
2014-04-24,49.1529,-0.741061,-2.07239
2014-04-25,46.0114,-0.60676,-1.69855
2014-04-28,44.8871,-0.816931,-1.38702
2014-04-29,45.6957,-1.08472,-1.21014
2014-04-30,46.0057,-1.16688,-1.14864
2014-05-01,48.0743,-1.14538,-1.12647
2014-05-02,48.6643,-0.892928,-1.10577
2014-05-05,49.1971,-0.63578,-1.02673
2014-05-06,46.5986,-0.354254,-0.906176
2014-05-07,45.7914,-0.426557,-0.747343
2014-05-08,45.9514,-0.589324,-0.658157
2014-05-09,46.9357,-0.69584,-0.638685
2014-05-12,49.35,-0.691095,-0.654303
2014-05-13,49.5914,-0.380361,-0.661624
2014-05-14,50.2686,-0.103744,-0.5808
2014-05-15,49.17,0.202722,-0.445676
2014-05-16,49.9829,0.331603,-0.263465
2014-05-19,52.0714,0.517047,-0.0964297
2014-05-20,53.0957,0.878095,0.0741378
2014-05-21,55.8,1.19626,0.293512
2014-05-22,55.9714,1.68479,0.543408
2014-05-23,57.4786,2.03781,0.862679
2014-05-27,56.9729,2.45847,1.19724
2014-05-28,57.32,2.69786,1.55954
2014-05-29,59.3143,2.88932,1.89004
2014-05-30,59.69,3.19357,2.18451
2014-06-02,60.2943,3.41221,2.48139
2014-06-03,59.6529,3.56313,2.76006
2014-06-04,60.4586,3.5295,3.00627
2014-06-05,61.1929,3.51815,3.17663
2014-06-06,61.4471,3.50289,3.29665
2014-06-09,60.4414,3.43011,3.37533
2014-06-10,61.1843,3.18997,3.4098
2014-06-11,61.4286,3.00636,3.36575
2014-06-12,60.35,2.8374,3.28051
2014-06-13,61.1014,2.5214,3.16896
2014-06-16,61.4657,2.29424,2.99704
2014-06-17,63.3786,2.09615,2.80466
2014-06-18,64.0971,2.07161,2.60565
2014-06-19,63.0557,2.07851,2.45039
2014-06-20,62.8829,1.9319,2.33594
2014-06-23,62.7886,1.76625,2.21149
2014-06-24,62.3371,1.58151,2.07536
2014-06-25,63.4586,1.33154,1.9279
2014-06-26,62.8014,1.2266,1.75382
2014-06-27,63.1543,1.07301,1.59799
2014-06-30,62.9429,0.962768,1.44514
2014-07-01,67.5857,0.850175,1.30468
2014-07-02,66.6771,1.25591,1.17247
2014-07-03,67.4786,1.43778,1.18116
2014-07-07,65.8029,1.62008,1.23575
2014-07-08,63.5786,1.51928,1.32718
2014-07-09,63.2857,1.18029,1.37152
2014-07-10,62.65,0.887355,1.31773
2014-07-11,62.8514,0.588314,1.20351
2014-07-14,64.6543,0.36721,1.04019
2014-07-15,64.1557,0.396793,0.861414
2014-07-16,63.4914,0.346217,0.736815
2014-07-17,62.7657,0.239752,0.631647
2014-07-18,63.4529,0.061313,0.518514
2014-07-21,64.5643,0.00515204,0.383679
2014-07-22,61.5843,0.0134801,0.264955
2014-07-23,61.1286,-0.304763,0.179622
2014-07-24,60.7686,-0.601086,0.036371
2014-07-25,60.2657,-0.833605,-0.145199
2014-07-28,60.6657,-1.00472,-0.338513
2014-07-29,60.6114,-1.06367,-0.525532
2014-07-30,62.0514,-1.09615,-0.681855
2014-07-31,60.3886,-0.953486,-0.806946
2014-08-01,60.7714,-1.03636,-0.861382
2014-08-04,60.3857,-1.04063,-0.921503
2014-08-05,60.4071,-1.051,-0.966887
2014-08-06,61.4714,-1.03526,-1.0038
2014-08-07,64.2386,-0.899866,-1.02256
2014-08-08,63.6929,-0.506634,-0.996344
2014-08-11,64.5057,-0.177414,-0.869039
2014-08-12,63.7729,0.166973,-0.68379
2014-08-13,64.5043,0.365828,-0.45274
2014-08-14,64.41,0.589659,-0.226288
2014-08-15,65.5843,0.719898,0.000720261
2014-08-18,66.5714,0.933877,0.206716
2014-08-19,66.8786,1.16187,0.417963
2014-08-20,67.4557,1.37384,0.636951
2014-08-21,67.4357,1.58714,0.857115
2014-08-22,68.4557,1.72629,1.07672
2014-08-25,68.7043,1.91089,1.27243
2014-08-26,68.48,2.02721,1.4632
2014-08-27,67.8143,2.02599,1.63195
2014-08-28,67.8871,1.93912,1.75523
2014-08-29,68.2343,1.81271,1.82133
2014-09-02,68.0857,1.72772,1.83548
2014-09-03,68.1986,1.60178,1.82038
2014-09-04,67.5243,1.48399,1.7723
2014-09-05,67.9543,1.27929,1.70186
2014-09-08,68.4757,1.12827,1.59162
2014-09-09,68.43,1.05206,1.46687
2014-09-10,69.1986,0.94136,1.35035
2014-09-11,68.7943,0.91773,1.2319
2014-09-12,68.0786,0.81264,1.13683
2014-09-15,65.3929,0.627849,1.03897
2014-09-16,65.2729,0.192037,0.918517
2014-09-17,64.9329,-0.126242,0.713987
2014-09-18,65.5729,-0.411212,0.47815
2014-09-19,65.36,-0.55425,0.227536
2014-09-22,63.2543,-0.686256,0.00473592
2014-09-23,63.4143,-1.00126,-0.195082
2014-09-24,64.3657,-1.20144,-0.42726
2014-09-25,63.3557,-1.23118,-0.652772
2014-09-26,64.1071,-1.3439,-0.829433
2014-09-29,64.2229,-1.32576,-0.990221
2014-09-30,64.4543,-1.28639,-1.10325
2014-10-01,62.6857,-1.20788,-1.17109
2014-10-02,64.2829,-1.30018,-1.19643
2014-10-03,65.6486,-1.13528,-1.23563
2014-10-06,66.2114,-0.842799,-1.21921
2014-10-07,65.1786,-0.546311,-1.12744
2014-10-08,66.6943,-0.4299,-0.975371
2014-10-09,65.9457,-0.163534,-0.827493
2014-10-10,64.5829,-0.00743487,-0.645576
2014-10-13,62.6543,-0.0299354,-0.466102
2014-10-14,64.16,-0.265076,-0.337729
2014-10-15,64.0843,-0.252322,-0.304329
2014-10-16,51.6714,-0.245672,-0.277072
2014-10-17,51.0129,-1.55811,-0.25349
2014-10-20,51.3171,-2.57568,-0.585955
2014-10-21,52.2843,-3.23432,-1.10924
2014-10-22,53.5214,-3.59275,-1.68061
2014-10-23,54.72,-3.70996,-2.20583
2014-10-24,55.0029,-3.61911,-2.63477
2014-10-27,54.2,-3.45136,-2.93473
2014-10-28,55.1743,-3.37133,-3.11493
2014-10-29,54.0143,-3.14411,-3.22537
2014-10-30,54.1443,-3.04645,-3.2482
2014-10-31,56.11,-2.88176,-3.23955
2014-11-03,55.4871,-2.51261,-3.16985
2014-11-04,54.6829,-2.26834,-3.0046
2014-11-05,54.34,-1.94744,-2.80612
2014-11-06,54.7571,-1.68399,-2.56691
2014-11-07,54.88,-1.39808,-2.31595
2014-11-10,55.3243,-1.15945,-2.05335
2014-11-11,54.65,-0.901973,-1.79568
2014-11-12,54.8371,-0.75415,-1.53542
2014-11-13,54.2014,-0.591964,-1.30445
2014-11-14,55.1486,-0.508049,-1.08971
2014-11-17,54.4486,-0.317312,-0.908881
2014-11-18,54.4329,-0.21448,-0.728238
2014-11-19,51.8714,-0.130163,-0.569158
2014-11-20,52.5914,-0.367366,-0.432298
2014-11-21,51.4686,-0.426911,-0.396423
2014-11-24,50.9243,-0.558149,-0.389557
2014-11-25,49.8557,-0.800977,-0.422734
2014-11-26,50.1657,-1.10119,-0.515788
2014-11-28,49.5129,-1.28063,-0.667316
2014-12-01,48.83,-1.46762,-0.830917
2014-12-02,50.33,-1.64059,-1.00441
2014-12-03,50.7314,-1.57676,-1.1832
2014-12-04,50.0857,-1.44874,-1.30191
2014-12-05,50.1314,-1.41824,-1.35829
2014-12-08,48.4971,-1.3493,-1.38896
2014-12-09,49.1114,-1.45947,-1.3928
2014-12-10,47.76,-1.41471,-1.42292
2014-12-11,47.8043,-1.49133,-1.43002
2014-12-12,47.7829,-1.50351,-1.45117
2014-12-15,46.72,-1.4839,-1.46758
2014-12-16,45.2057,-1.54073,-1.4719
2014-12-17,47.6643,-1.71406,-1.48762
2014-12-18,47.7743,-1.53567,-1.54628
2014-12-19,48.5886,-1.34305,-1.54492
2014-12-22,48.0971,-1.10783,-1.49333
2014-12-23,48.0614,-0.962851,-1.39335
2014-12-24,48.8714,-0.831698,-1.27832
2014-12-26,48.5786,-0.617904,-1.15797
2014-12-29,48.8471,-0.452967,-1.00992
2014-12-30,49.0329,-0.292414,-0.85501
2014-12-31,48.8014,-0.142787,-0.696586
2015-01-02,49.8486,-0.0403469,-0.537281
2015-01-05,47.3114,0.146625,-0.388078
2015-01-06,46.5014,0.0295147,-0.229305
2015-01-07,46.7429,-0.126929,-0.144124
2015-01-08,47.78,-0.242417,-0.125191
2015-01-09,47.0414,-0.217938,-0.14375
2015-01-12,45.5471,-0.290486,-0.153141
2015-01-13,46.2557,-0.478054,-0.182592
2015-01-14,46.32,-0.527041,-0.256832
2015-01-15,46.2514,-0.561591,-0.327885
2015-01-16,48.1914,-0.5786,-0.392559
2015-01-20,49.8286,-0.390997,-0.447099
2015-01-21,58.4686,-0.0662913,-0.441094
2015-01-22,61.2057,1.09266,-0.348823
2015-01-23,62.4943,2.21975,0.0297411
2015-01-26,63.7943,3.20022,0.613976
2015-01-27,64.8814,4.02469,1.31153
2015-01-28,63.2086,4.67595,2.05419
2015-01-29,63.4,4.91485,2.78652
2015-01-30,63.1143,5.04659,3.39979
2015-02-02,63.01,5.06325,3.89516
2015-02-03,65.2743,4.97159,4.27135
2015-02-04,64.1014,5.06482,4.52641
2015-02-05,64.13,4.93707,4.73756
2015-02-06,63.48,4.73594,4.84479
2015-02-09,63.2957,4.41687,4.85512
2015-02-10,64.85,3.9604,4.76371
2015-02-11,64.9843,3.66473,4.56192
2015-02-12,65.2471,3.3712,4.32254
2015-02-13,66.5857,3.06361,4.06167
2015-02-17,67.1371,2.87821,3.78257
2015-02-18,67.8657,2.74977,3.52389
2015-02-19,67.8,2.66758,3.29721
2015-02-20,68.3143,2.52786,3.10404
2015-02-23,67.4057,2.39821,2.92405
2015-02-24,67.84,2.10977,2.75772
2015-02-25,68.3329,1.8922,2.56131
2015-02-26,69.0043,1.72001,2.36318
2015-02-27,67.8443,1.63185,2.17337
2015-03-02,68.6071,1.40664,2.01204
2015-03-03,67.8157,1.33147,1.83597
2015-03-04,67.11,1.18175,1.68677
2015-03-05,66.8071,0.976755,1.53713
2015-03-06,64.8743,0.763023,1.37181
2015-03-09,63.6614,0.381865,1.19328
2015-03-10,62.1514,-0.069077,0.960348
2015-03-11,62.8843,-0.571748,0.670486
2015-03-12,64.0457,-0.878009,0.32317
2015-03-13,62.6286,-0.965397,-0.0158835
2015-03-16,60.2814,-1.15919,-0.292009
2015-03-17,59.7886,-1.55867,-0.547082
2015-03-18,60.4457,-1.90157,-0.843095
2015-03-19,60.7443,-2.05438,-1.15371
2015-03-20,61.1857,-2.12373,-1.4241
2015-03-23,60.7143,-2.07654,-1.64207
2015-03-24,62.6114,-2.05112,-1.78736
2015-03-25,60.25,-1.79266,-1.88287
2015-03-26,59.7514,-1.78418,-1.87853
2015-03-27,59.2529,-1.77691,-1.86846
2015-03-30,60.3671,-1.76208,-1.85768
2015-03-31,59.5271,-1.60603,-1.84278
2015-04-01,59.0171,-1.5571,-1.7843
2015-04-02,59.1543,-1.53038,-1.72236
2015-04-06,60.33,-1.42517,-1.66655
2015-04-07,60.4943,-1.17429,-1.59578
2015-04-08,63.05,-0.939663,-1.47695
2015-04-09,62.7857,-0.476903,-1.32605
2015-04-10,64.9386,-0.138205,-1.09413
2015-04-13,67.8114,0.359977,-0.830594
2015-04-14,68.3871,1.01247,-0.501072
2015-04-15,67.9229,1.5865,-0.0812936
2015-04-16,80.2929,1.94162,0.383283
2015-04-17,81.65,3.50253,0.825063
2015-04-20,81.0557,4.7371,1.56951
2015-04-21,80.0629,5.54426,2.45334
2015-04-22,79.6686,5.97719,3.3263
2015-04-23,79.8657,6.15559,4.09221
2015-04-24,79.7714,6.17689,4.707
2015-04-27,80.8686,6.07506,5.16869
2015-04-28,80.4371,5.98462,5.48054
2015-04-29,80.4071,5.77568,5.68074
2015-04-30,79.5,5.49094,5.76697
2015-05-01,79.5757,5.03885,5.75091
2015-05-04,79.2714,4.62424,5.59582
2015-05-05,80.7929,4.18077,5.35124
2015-05-06,80.0771,3.74584,5.03828
2015-05-07,80.7486,3.22776,4.68188
2015-05-08,82.0857,2.84421,4.27467
2015-05-11,84.2786,2.62822,3.86734
2015-05-12,83.3771,2.62637,3.50614
2015-05-13,82.8729,2.451,3.2361
2015-05-14,83.8357,2.20448,2.99022
2015-05-15,87.6071,2.04045,2.74476
2015-05-18,88.2671,2.28409,2.52395
2015-05-19,88.0686,2.46899,2.42907
2015-05-20,88.79,2.5499,2.41352
2015-05-21,89.0029,2.64707,2.42977
2015-05-22,88.8386,2.68902,2.47543
2015-05-26,87.9929,2.61355,2.52651
2015-05-27,89.8571,2.52863,2.54805
2015-05-28,89.5071,2.62619,2.54174
2015-05-29,89.1514,2.59559,2.56547
2015-06-01,89.0029,2.44988,2.57883
2015-06-02,89.13,2.28808,2.5527
2015-06-03,88.8086,2.14628,2.48661
2015-06-04,89.3486,1.95055,2.39671
2015-06-05,90.46,1.77866,2.27623
2015-06-08,89.6043,1.71607,2.13888
2015-06-09,92.45,1.54053,2.01866
2015-06-10,95.8714,1.65714,1.88312
2015-06-11,95.0943,2.06613,1.81362
2015-06-12,94.4186,2.24046,1.8684
2015-06-15,93.4314,2.27358,1.95611
2015-06-16,95.2729,2.1104,2.03285
2015-06-17,94.2714,2.1463,2.04959
2015-06-18,94.7429,2.03463,2.07377
2015-06-19,93.8714,1.9792,2.06523
2015-06-22,96.4143,1.79398,2.04672
2015-06-23,97.3129,1.88761,1.9847
2015-06-24,96.9443,2.01354,1.9656
2015-06-25,94.8914,2.04523,1.9829
2015-06-26,93.0886,1.83007,1.99817
2015-06-29,92.2314,1.40062,1.95002
2015-06-30,93.8486,0.914903,1.79965
2015-07-01,93.6357,0.711919,1.56063
2015-07-02,94.0443,0.524514,1.32705
2015-07-06,94.5714,0.41667,1.10389
2015-07-07,94.0914,0.36705,0.908774
2015-07-08,93.5071,0.275369,0.752055
2015-07-09,95.7271,0.121704,0.608832
2015-07-10,97.2286,0.243803,0.458827
2015-07-13,101.087,0.447691,0.378196
2015-07-14,100.371,0.978041,0.374947
2015-07-15,98.13,1.28031,0.519416
2015-07-16,115.81,1.27492,0.71509
2015-07-17,114.77,3.15018,0.863446
2015-07-20,110.55,4.42538,1.4743
2015-07-21,112.51,4.86665,2.27187
2015-07-22,111.5,5.3274,2.98769
2015-07-23,110.1,5.46857,3.64799
2015-07-24,109.34,5.31972,4.1829
2015-07-27,106.43,5.06279,4.54283
2015-07-28,106.9,4.47737,4.74167
2015-07-29,107.08,3.9883,4.7278
2015-07-30,111.56,3.54359,4.58332
2015-07-31,114.31,3.59299,4.35724
2015-08-03,112.56,3.87676,4.17278
2015-08-04,121.15,3.86292,4.09059
2015-08-05,123.71,4.42937,4.0187
2015-08-06,126.45,5.02418,4.10797
2015-08-07,123.52,5.70247,4.33039
2015-08-10,123.03,5.76373,4.67912
2015-08-11,122.74,5.64818,4.96073
2015-08-12,120.51,5.43517,5.15006
2015-08-13,123.73,4.93894,5.24292
2015-08-14,123.39,4.84372,5.18775
2015-08-17,125.36,4.62224,5.1204
2015-08-18,124.05,4.58503,5.00698
2015-08-19,122.06,4.27016,4.91227
2015-08-20,112.49,3.72351,4.74937
2015-08-21,103.96,2.22687,4.4735
2015-08-24,96.88,-0.00962829,3.85999
2015-08-25,101.52,-2.34996,2.80646
2015-08-26,110.13,-3.6296,1.39803
2015-08-27,117.66,-3.6235,0.00589121
2015-08-28,117.63,-2.75081,-1.0292
2015-08-31,115.03,-2.07743,-1.5729
2015-09-01,105.79,-1.81553,-1.79898
2015-09-02,105.44,-2.6478,-1.8986
2015-09-03,101.06,-3.31029,-2.18911
2015-09-04,98.79,-4.27196,-2.57434
2015-09-08,94.95,-5.17374,-3.0957
2015-09-09,99.18,-6.13171,-3.69225
2015-09-10,99.48,-6.15034,-4.35853
2015-09-11,97.51,-5.92555,-4.84409
2015-09-14,95.69,-5.6803,-5.1488
2015-09-15,99.16,-5.60933,-5.32538
2015-09-16,104.08,-5.16095,-5.44905
2015-09-17,104.21,-4.32501,-5.42694
2015-09-18,102.62,-3.60558,-5.17648
2015-09-21,100.3,-3.12998,-4.78816
2015-09-22,98.47,-2.84174,-4.35658
2015-09-23,98.07,-2.71539,-3.94308
2015-09-24,103.76,-2.52826,-3.58519
2015-09-25,102.24,-1.6514,-3.26692
2015-09-28,99.47,-1.04389,-2.79928
2015-09-29,98.35,-0.901525,-2.29126
2015-09-30,103.26,-0.956343,-1.8736
2015-10-01,105.98,-0.487946,-1.58156
2015-10-02,106.11,0.129891,-1.25091
2015-10-05,111.25,0.596805,-0.849982
2015-10-06,108.33,1.49895,-0.432687
2015-10-07,108.1,1.91955,0.114977
2015-10-08,114.93,2.22707,0.635267
2015-10-09,113.33,3.1877,1.10416
2015-10-12,113.45,3.65002,1.69724
2015-10-13,109.73,3.96451,2.25546
2015-10-14,110.23,3.62669,2.75531
2015-10-15,101.09,3.36574,3.04153
2015-10-16,98.99,2.13723,3.18007
2015-10-19,101.69,1.00438,2.94931
2015-10-20,98.99,0.358488,2.46916
2015-10-21,97.96,-0.484867,1.92448
2015-10-22,97.32,-1.25231,1.28627
2015-10-23,100.04,-1.93509,0.599717
2015-10-26,103.04,-2.05469,-0.11041
2015-10-27,103.07,-1.79238,-0.681587
2015-10-28,105.8,-1.68317,-1.04517
2015-10-29,105.12,-1.29796,-1.28389
2015-10-30,108.38,-1.09885,-1.35698
2015-11-02,107.64,-0.555659,-1.34072
2015-11-03,109.74,-0.190651,-1.16773
2015-11-04,114.05,0.419417,-0.931654
2015-11-05,113.5,1.33453,-0.580395
2015-11-06,114.06,1.88808,-0.0630717
2015-11-09,109.86,2.41009,0.481753
2015-11-10,112.7,2.35859,1.03045
2015-11-11,112.86,2.60658,1.42441
2015-11-12,108.92,2.788,1.78395
2015-11-13,103.65,2.40423,2.09592
2015-11-16,111.35,1.52043,2.22526
2015-11-17,117.1,1.68897,2.08002
2015-11-18,120.63,2.41301,2.0103
2015-11-19,120.22,3.26155,2.14072
2015-11-20,123.84,3.78657,2.44967
2015-11-23,125.03,4.48446,2.81222
2015-11-24,123.31,4.91642,3.26123
2015-11-25,124.16,4.94618,3.71318
2015-11-27,125.44,4.9745,4.05634
2015-11-30,123.33,5.06875,4.3185
2015-12-01,125.37,4.76252,4.54581
2015-12-02,128.93,4.64126,4.64835
2015-12-03,126.81,4.91189,4.69063
2015-12-04,130.93,4.89571,4.78322
2015-12-07,125.36,5.12768,4.83572
2015-12-08,126.98,4.55007,4.92872
2015-12-09,124.2,4.14088,4.83503
2015-12-10,122.91,3.48212,4.64993
2015-12-11,118.91,2.71601,4.33613
2015-12-14,120.67,1.64776,3.89741
2015-12-15,118.6,1.05042,3.28396
2015-12-16,122.64,0.332465,2.67019
2015-12-17,122.51,0.190531,2.02148
2015-12-18,118.02,0.0400744,1.49331
2015-12-21,116.63,-0.578898,1.05756
2015-12-22,116.24,-1.25247,0.563313
2015-12-23,118.16,-1.81006,0.0228023
2015-12-24,117.33,-2.13216,-0.524191
2015-12-28,117.11,-2.31892,-1.00994
2015-12-29,119.12,-2.43809,-1.4123
2015-12-30,116.71,-2.21558,-1.7297
2015-12-31,114.38,-2.26189,-1.89989
2016-01-04,109.96,-2.42212,-2.0291
2016-01-05,107.66,-2.98309,-2.16633
2016-01-06,117.68,-3.5806,-2.41562
2016-01-07,114.56,-2.94381,-2.75165
2016-01-08,111.39,-2.73578,-2.82492
2016-01-11,114.97,-2.82369,-2.81645
2016-01-12,116.58,-2.41418,-2.82857
2016-01-13,106.56,-1.84375,-2.72639
2016-01-14,107.06,-2.48445,-2.49687
2016-01-15,104.04,-2.80514,-2.49777
2016-01-19,107.89,-3.34871,-2.58272
2016-01-20,107.74,-3.29019,-2.78804
2016-01-21,102.35,-3.18596,-2.91816
2016-01-22,100.72,-3.5978,-2.97922
2016-01-25,99.12,-3.98215,-3.14362
2016-01-26,97.83,-4.31426,-3.37185
2016-01-27,91.15,-4.77662,-3.62969
2016-01-28,94.41,-5.67328,-3.95166
2016-01-29,91.84,-5.84593,-4.4392
2016-02-01,94.09,-6.23103,-4.84103
2016-02-02,91.49,-6.20812,-5.23964
2016-02-03,90.74,-6.22471,-5.52442
2016-02-04,89.71,-6.19103,-5.74327
2016-02-05,82.79,-6.1218,-5.90004
2016-02-08,83.32,-6.74711,-5.99314
2016-02-09,86.13,-7.01223,-6.22288
2016-02-10,88.45,-6.72129,-6.46047
2016-02-11,86.35,-6.12141,-6.55468
2016-02-12,87.4,-5.79352,-6.45305
2016-02-16,89.05,-5.3276,-6.28738
2016-02-17,94.76,-4.50964,-6.03396
2016-02-18,90.49,-3.24809,-5.62754
2016-02-19,89.23,-2.66594,-4.98827
2016-02-22,91.93,-2.28822,-4.3551
2016-02-23,89.12,-1.59095,-3.78119
2016-02-24,91.61,-1.38399,-3.15671
2016-02-25,94.53,-0.894448,-2.62956
2016-02-26,94.79,-0.100707,-2.10886
2016-02-29,93.41,0.584433,-1.517
2016-03-01,98.3,0.937851,-0.896492
2016-03-02,97.61,1.66145,-0.344435
2016-03-03,97.93,2.14155,0.2491
2016-03-04,101.58,2.49409,0.802619
2016-03-07,95.49,3.09143,1.30247
2016-03-08,96.23,2.70802,1.82996
2016-03-09,98,2.54491,2.11361
2016-03-10,97.36,2.57179,2.28005
2016-03-11,97.66,2.46799,2.4047
2016-03-14,98.13,2.40283,2.45884
2016-03-15,97.86,2.32533,2.47196
2016-03-16,99.35,2.14732,2.456
2016-03-17,99.72,2.06232,2.38608
2016-03-18,101.12,2.00975,2.30396
2016-03-21,101.06,2.02556,2.22318
2016-03-22,99.84,2.011,2.15788
2016-03-23,99.59,1.79845,2.11076
2016-03-24,98.36,1.52184,2.02154
2016-03-28,101.21,1.24043,1.88095
2016-03-29,104.13,1.34554,1.70251
2016-03-30,102.19,1.64607,1.59749
2016-03-31,102.23,1.62218,1.59951
2016-04-01,105.7,1.58935,1.59734
2016-04-04,104.35,1.86674,1.58829
2016-04-05,104.94,1.91184,1.65577
2016-04-06,104.83,1.97269,1.71809
2016-04-07,104.45,1.96378,1.78117
2016-04-08,103.81,1.84342,1.82929
2016-04-11,102.68,1.68946,1.83762
2016-04-12,106.98,1.43314,1.80728
2016-04-13,109.65,1.68007,1.71505
2016-04-14,110.42,2.172,1.70681
2016-04-15,111.51,2.49372,1.83131
2016-04-18,108.4,2.76596,2.01041
2016-04-19,94.34,2.62539,2.21271
2016-04-20,96.77,0.961763,2.32653
2016-04-21,94.98,-0.0960972,1.97025
2016-04-22,95.9,-1.06712,1.42294
2016-04-25,93.56,-1.70072,0.757
2016-04-26,92.43,-2.39444,0.0919939
2016-04-27,91.04,-2.99669,-0.586716
2016-04-28,90.28,-3.53396,-1.25898
2016-04-29,90.03,-3.94993,-1.91285
2016-05-02,93.11,-4.30182,-2.51825
2016-05-03,91.54,-4.21875,-3.06958
2016-05-04,90.79,-4.29336,-3.45898
2016-05-05,89.37,-4.3663,-3.74597
2016-05-06,90.84,-4.44313,-3.96476
2016-05-09,90.54,-4.09107,-4.13471
2016-05-10,92.89,-3.81798,-4.15946
2016-05-11,90.02,-3.23444,-4.09533
2016-05-12,87.74,-3.06133,-3.88366
2016-05-13,87.88,-3.07304,-3.67102
2016-05-16,89.12,-2.98419,-3.50845
2016-05-17,88.63,-2.70115,-3.35773
2016-05-18,90.5,-2.4722,-3.17094
2016-05-19,89.55,-2.04703,-2.96909
2016-05-20,92.49,-1.78138,-2.70397
2016-05-23,94.89,-1.16783,-2.43362
2016-05-24,97.89,-0.383992,-2.07356
2016-05-25,100.2,0.594274,-1.59994
2016-05-26,102.81,1.55148,-0.994265
2016-05-27,103.3,2.42519,-0.289012
2016-05-31,102.57,3.08854,0.471563
2016-06-01,101.51,3.49042,1.2164
2016-06-02,101.25,3.67202,1.87728
2016-06-03,99.59,3.70979,2.41762
2016-06-06,100.74,3.48062,2.82655
2016-06-07,99.89,3.37422,3.06857
2016-06-08,97.86,3.11745,3.21274
2016-06-09,97.09,2.6677,3.24116
2016-06-10,93.75,2.19078,3.12872
2016-06-13,93.85,1.39207,2.90378
2016-06-14,94.12,0.725788,2.51044
2016-06-15,94.29,0.185899,2.02903
2016-06-16,95.44,-0.244068,1.51895
2016-06-17,94.45,-0.466938,1.01977
2016-06-20,93.8,-0.718501,0.585783
2016-06-21,90.99,-0.990615,0.197067
2016-06-22,90.01,-1.51439,-0.16497
2016-06-23,91.66,-1.98345,-0.571424
2016-06-24,88.44,-2.15104,-0.99382
2016-06-27,85.33,-2.59715,-1.3479
2016-06-28,87.97,-3.19347,-1.71972
2016-06-29,91.06,-3.31724,-2.14663
2016-06-30,91.48,-2.96387,-2.49154
2016-07-01,96.67,-2.5894,-2.6502
2016-07-05,97.91,-1.68785,-2.66666
2016-07-06,94.6,-0.827852,-2.43642
2016-07-07,95.1,-0.506116,-2.03185
2016-07-08,97.06,-0.17115,-1.63538
2016-07-11,94.67,0.310224,-1.24228
2016-07-12,95.97,0.456494,-0.817438
2016-07-13,96.43,0.726545,-0.453399
2016-07-14,98.02,0.944864,-0.099932
2016-07-15,98.39,1.33364,0.224851
2016-07-18,98.81,1.69909,0.56616
2016-07-19,85.84,1.95475,0.91337
2016-07-20,87.91,0.69182,1.22806
2016-07-21,85.99,-0.0719753,1.11667
2016-07-22,85.89,-0.919219,0.825984
2016-07-25,87.66,-1.56855,0.378523
2016-07-26,91.41,-1.79575,-0.136274
2016-07-27,92.04,-1.53301,-0.584743
2016-07-28,91.65,-1.28063,-0.855519
2016-07-29,91.25,-1.08697,-0.994999
2016-08-01,94.37,-1.01317,-1.0541
2016-08-02,93.56,-0.631258,-1.08433
2016-08-03,93.1,-0.438447,-1.00964
2016-08-04,93.44,-0.38015,-0.883706
2016-08-05,97.03,-0.343836,-0.762415
2016-08-08,95.11,0.264309,-0.649186
2016-08-09,93.99,0.509667,-0.393469
2016-08-10,93.93,0.600353,-0.133291
2016-08-11,95.89,0.708716,0.0819463
2016-08-12,96.59,0.989492,0.268317
2016-08-15,95.31,1.18887,0.479588
2016-08-16,95.12,1.18307,0.689761
2016-08-17,96.37,1.16869,0.840155
2016-08-18,96.16,1.26506,0.946265
2016-08-19,95.87,1.26692,1.05051
2016-08-22,95.26,1.23668,1.12864
2016-08-23,95.94,1.15599,1.17016
2016-08-24,95.18,1.15688,1.17626
2016-08-25,97.32,1.01868,1.17972
2016-08-26,97.58,1.03825,1.14408
2016-08-29,97.3,1.08425,1.11835
2016-08-30,97.45,1.04358,1.10826
2016-08-31,97.45,0.969088,1.09001
2016-09-01,97.38,0.887488,1.0568
2016-09-02,97.38,0.843709,1.00884
2016-09-06,100.09,0.799336,0.961244
2016-09-07,99.15,1.01563,0.914243
2016-09-08,99.66,1.05235,0.937496
2016-09-09,96.5,1.14268,0.964651
2016-09-12,99.05,0.8529,1.01101
2016-09-13,96.09,0.877103,0.968716
2016-09-14,97.01,0.573861,0.942723
2016-09-15,97.34,0.434944,0.8435
2016-09-16,99.48,0.337162,0.733392
2016-09-19,98.06,0.476743,0.626125
2016-09-20,98.25,0.413529,0.583305
2016-09-21,94.88,0.39232,0.535105
2016-09-22,95.83,0.015024,0.49011
2016-09-23,95.94,-0.179691,0.355863
2016-09-26,94.56,-0.355523,0.202247
2016-09-27,97.07,-0.611021,0.0447765
2016-09-28,97.48,-0.537797,-0.141373
2016-09-29,96.67,-0.39266,-0.257064
2016-09-30,98.55,-0.408469,-0.303309
2016-10-03,102.63,-0.169523,-0.340723
2016-10-04,102.34,0.426711,-0.307564
2016-10-05,106.28,0.847439,-0.123799
2016-10-06,105.07,1.54154,0.1258
2016-10-07,104.82,1.92314,0.502508
2016-10-10,103.33,2.14917,0.889037
2016-10-11,100.59,2.17252,1.24144
2016-10-12,99.5,1.85102,1.51573
2016-10-13,100.23,1.46404,1.63519
2016-10-14,101.47,1.2754,1.62011
2016-10-17,99.8,1.20855,1.55905
2016-10-18,118.79,0.962196,1.49198
2016-10-19,121.87,2.77639,1.36753
2016-10-20,123.35,4.41499,1.74852
2016-10-21,127.5,5.64343,2.458
2016-10-24,127.33,6.91963,3.30986
2016-10-25,126.51,7.68454,4.28347
2016-10-26,126.97,8.07154,5.21597
2016-10-27,126.47,8.26339,6.02266
2016-10-28,126.57,8.23362,6.68428
2016-10-31,124.87,8.08849,7.17542
2016-11-01,123.3,7.68043,7.50633
2016-11-02,122.34,7.06391,7.65008
2016-11-03,122.14,6.34346,7.5675
2016-11-04,122.03,5.71186,7.29026
2016-11-07,124.58,4.85396,6.89668
2016-11-08,124.34,4.31968,6.35518
2016-11-09,122.19,3.78072,5.79611
2016-11-10,115.42,3.02573,5.22825
2016-11-11,114.78,1.65011,4.59948
2016-11-14,113.38,0.535035,3.76392
2016-11-15,113.59,-0.507839,2.84401
2016-11-16,115.19,-1.28807,1.88389
2016-11-17,115.03,-1.73103,0.966304
2016-11-18,115.21,-2.09105,0.171512
2016-11-21,117.96,-2.33605,-0.510536
2016-11-22,118.04,-2.20813,-1.07418
2016-11-23,117.69,-2.09201,-1.45505
2016-11-25,117.41,-2.0588,-1.7019
2016-11-28,116.93,-1.92753,-1.86698
2016-11-29,117.51,-1.82544,-1.93549
2016-11-30,117,-1.61518,-1.94319
2016-12-01,117.22,-1.34645,-1.87771
2016-12-02,120.81,-1.07362,-1.74577
2016-12-05,119.16,-0.436394,-1.56792
2016-12-06,124.57,-0.107062,-1.26036
2016-12-07,125.39,0.712469,-0.938779
2016-12-08,123.24,1.42396,-0.482396
2016-12-09,122.88,1.70446,0.0466458
2016-12-12,122.83,1.80989,0.517241
2016-12-13,123.78,1.8538,0.89616
2016-12-14,123.44,1.96928,1.19046
2016-12-15,125,1.99847,1.43864
2016-12-16,124.22,2.19357,1.6285
2016-12-19,125.45,2.22314,1.81851
2016-12-20,125.12,2.33959,1.95934
2016-12-21,126.5,2.29525,2.09091
2016-12-22,125.58,2.31059,2.16561
2016-12-23,125.59,2.1874,2.21508
2016-12-27,128.35,1.97427,2.21536
2016-12-28,125.89,2.0639,2.15754
2016-12-29,125.33,1.84895,2.13727
2016-12-30,123.8,1.59179,2.06339
2017-01-03,127.49,1.22369,1.93943
2017-01-04,129.41,1.30128,1.74602
2017-01-05,131.81,1.53565,1.62108
2017-01-06,131.07,1.90786,1.58773
2017-01-09,130.95,2.07119,1.66198
2017-01-10,129.89,2.12259,1.76071
2017-01-11,130.5,2.00047,1.85022
2017-01-12,129.18,1.91021,1.88817
2017-01-13,133.7,1.70242,1.89139
2017-01-17,132.89,1.97841,1.84196
2017-01-18,133.26,2.06635,1.88184
2017-01-19,138.41,2.1763,1.94054
2017-01-20,138.6,2.76064,2.01254
2017-01-23,137.39,3.18852,2.21784
2017-01-24,140.11,3.27134,2.47961
2017-01-25,139.52,3.54447,2.69545
2017-01-26,138.96,3.58201,2.92892
2017-01-27,142.45,3.50509,3.11578
2017-01-30,141.22,3.74877,3.2369
2017-01-31,140.71,3.75523,3.3954
2017-02-01,140.78,3.62516,3.51186
2017-02-02,139.2,3.4992,3.56344
2017-02-03,140.25,3.09964,3.56712
2017-02-06,140.97,2.86085,3.45531
2017-02-07,144,2.72049,3.3018
2017-02-08,144.74,2.78878,3.14826
2017-02-09,144.14,2.84615,3.04711
2017-02-10,144.82,2.7608,2.9859
2017-02-13,143.2,2.69747,2.91852
2017-02-14,140.82,2.43985,2.84757
2017-02-15,142.27,1.96745,2.72602
2017-02-16,142.01,1.66753,2.51165
2017-02-17,142.22,1.387,2.27329
2017-02-21,142.6,1.15749,2.02617
2017-02-22,143.86,0.993871,1.78359
2017-02-23,142.78,0.982705,1.5604
2017-02-24,143.25,0.852234,1.38903
2017-02-27,143.41,0.76121,1.22509
2017-02-28,142.13,0.643323,1.07929
2017-03-01,142.65,0.428177,0.939651
2017-03-02,139.53,0.316643,0.781771
2017-03-03,139.14,-0.135181,0.640861
2017-03-06,141.94,-0.475756,0.419957
2017-03-07,141.43,-0.400188,0.168239
2017-03-08,140.32,-0.421054,0.00289438
2017-03-09,140.53,-0.51784,-0.124201
2017-03-10,140.89,-0.573642,-0.244997
2017-03-13,143.52,-0.579898,-0.34843
2017-03-14,143.19,-0.31497,-0.426304
2017-03-15,145.25,-0.150579,-0.412767
2017-03-16,144.39,0.192216,-0.355854
2017-03-17,145.11,0.353774,-0.220693
2017-03-20,145.83,0.58947,-0.0697817
2017-03-21,142.42,0.836245,0.110923
2017-03-22,142.65,0.686702,0.310699
2017-03-23,141.84,0.607045,0.421226
2017-03-24,142.02,0.403762,0.484462
2017-03-27,144.06,0.251291,0.478869
2017-03-28,145.17,0.379171,0.434374
2017-03-29,146.47,0.584305,0.430929
2017-03-30,148.06,0.865863,0.480236
2017-03-31,147.81,1.19986,0.586693
2017-04-03,146.92,1.41963,0.752606
2017-04-04,145.5,1.42795,0.931746
2017-04-05,143.62,1.27341,1.06462
2017-04-06,143.74,0.926197,1.12557
2017-04-07,143.11,0.63966,1.08049
2017-04-10,143.85,0.396352,0.973802
2017-04-11,144.35,0.25384,0.831604
2017-04-12,143.83,0.198334,0.685293
2017-04-13,142.92,0.115839,0.557795
2017-04-17,147.25,-0.0806041,0.436117
2017-04-18,143.36,0.205038,0.287834
2017-04-19,139.76,-0.0248731,0.249015
2017-04-20,141.18,-0.610287,0.158869
2017-04-21,142.87,-0.869626,-0.0615216
2017-04-24,143.83,-0.865504,-0.290339
2017-04-25,152.16,-0.711454,-0.456585
2017-04-26,150.17,0.324549,-0.536829
2017-04-27,153.08,0.888628,-0.320429
2017-04-28,152.2,1.62591,-0.00786683
2017-05-01,155.35,2.01953,0.423106
2017-05-02,156.45,2.61091,0.853544
2017-05-03,155.59,3.12649,1.32878
2017-05-04,157.25,3.38165,1.82522
2017-05-05,156.6,3.64996,2.27388
2017-05-08,156.38,3.78503,2.68532
2017-05-09,157.46,3.86814,3.02963
2017-05-10,160.28,3.98654,3.30758
2017-05-11,158.54,4.29498,3.53195
2017-05-12,160.81,4.25529,3.77353
2017-05-15,160.02,4.26946,3.93319
2017-05-16,159.41,4.12847,4.05082
2017-05-17,153.2,3.83952,4.09288
2017-05-18,155.7,2.88987,4.04017
2017-05-19,157.02,2.34548,3.74526
2017-05-22,157.16,2.01158,3.37585
2017-05-23,157.95,1.73246,3.00833
2017-05-24,157.75,1.52803,2.6575
2017-05-25,163.05,1.35578,2.33846
2017-05-26,162.43,1.72268,2.04894
2017-05-30,163.22,1.83208,1.92959
2017-05-31,163.07,1.91176,1.86885
2017-06-01,162.99,1.93464,1.84651
2017-06-02,165.18,1.86207,1.84012
2017-06-05,165.06,2.07393,1.83028
2017-06-06,165.17,2.16418,1.88714
2017-06-07,165.61,2.31057,1.95867
2017-06-08,165.88,2.38292,2.05527
2017-06-09,158.03,2.43064,2.14994
2017-06-12,151.44,1.59293,2.23615
2017-06-13,152.72,0.213798,2.07341
2017-06-14,152.2,-0.672559,1.58436
2017-06-15,151.76,-1.4663,0.981579
2017-06-16,152.38,-2.08758,0.318873
2017-06-19,153.4,-2.4643,-0.341664
2017-06-20,152.05,-2.57817,-0.940027
2017-06-21,155.03,-2.78525,-1.42031
2017-06-22,154.89,-2.59401,-1.83757
2017-06-23,158.02,-2.43483,-2.10093
2017-06-26,157.5,-1.95544,-2.25699
2017-06-27,151.03,-1.69241,-2.23454
2017-06-28,153.41,-2.15828,-2.12745
2017-06-29,150.09,-2.10654,-2.15732
2017-06-30,149.41,-2.29435,-2.15418
2017-07-03,146.17,-2.47552,-2.1923
2017-07-05,147.61,-2.90569,-2.26328
2017-07-06,146.25,-2.96427,-2.42877
2017-07-07,150.18,-3.10374,-2.56531
2017-07-10,152.67,-2.73033,-2.70752
2017-07-11,154.33,-2.10678,-2.71763
2017-07-12,158.75,-1.4547,-2.56718
2017-07-13,158.21,-0.433736,-2.28551
2017-07-14,161.12,0.252478,-1.79684
2017-07-17,161.7,1.09678,-1.24932
2017-07-18,183.6,1.88709,-0.612202
2017-07-19,183.86,4.78189,0.0777058
2017-07-20,183.6,6.89779,1.36844
2017-07-21,188.54,8.30501,2.8979
2017-07-24,187.91,9.8147,4.41988
2017-07-25,186.97,10.703,5.95574
2017-07-26,189.08,11.1165,7.33366
2017-07-27,182.68,11.4274,8.46691
2017-07-28,184.04,10.7671,9.38399
2017-07-31,181.66,10.2067,9.88663
2017-08-01,182.03,9.32586,10.1026
2017-08-02,180.74,8.55412,10.0194
2017-08-03,179.23,7.67944,9.70932
2017-08-04,180.27,6.71852,9.21351
2017-08-07,181.33,5.61432,8.5661
2017-08-08,178.36,4.77953,7.76549
2017-08-09,175.78,3.68608,6.93063
2017-08-10,169.14,2.40148,6.00864
2017-08-11,171.4,0.608792,4.9722
2017-08-14,171,-0.541838,3.7298
2017-08-15,168.5,-1.54481,2.50154
2017-08-16,169.98,-2.47823,1.32778
2017-08-17,166.09,-3.03061,0.211689
2017-08-18,166.54,-3.81385,-0.758663
2017-08-21,166.76,-4.30173,-1.67959
2017-08-22,169.34,-4.60056,-2.48305
2017-08-23,169.06,-4.46448,-3.15237
2017-08-24,168.13,-4.3621,-3.60199
2017-08-25,165.95,-4.15572,-3.89292
2017-08-28,167.12,-4.1163,-4.0297
2017-08-29,168.81,-3.85059,-4.10468
2017-08-30,174.69,-3.25335,-4.07555
2017-08-31,174.71,-2.13335,-3.88157
2017-09-01,174.74,-1.23377,-3.43113
2017-09-05,174.52,-0.454229,-2.8433
2017-09-06,179.25,0.0657837,-2.18863
2017-09-07,179,1.04992,-1.55541
2017-09-08,176.42,1.74322,-0.821814
2017-09-11,181.74,1.98331,-0.0894723
2017-09-12,185.15,2.675,0.520307
2017-09-13,183.64,3.52359,1.1603
2017-09-14,182.63,3.98144,1.86113
2017-09-15,182.35,4.21388,2.49914
2017-09-18,184.62,4.26983,3.02252
2017-09-19,185.68,4.45448,3.41645
2017-09-20,185.51,4.49763,3.74919
2017-09-21,188.78,4.45191,4.00242
2017-09-22,187.35,4.68631,4.16554
2017-09-25,178.55,4.60723,4.33964
2017-09-26,179.38,3.4685,4.44568
2017-09-27,181.97,2.60111,4.21323
2017-09-28,180.7,2.20635,3.79644
2017-09-29,181.35,1.6466,3.37243
2017-10-02,177.01,1.22072,2.90268
2017-10-03,179.19,0.412869,2.4367
2017-10-04,184.45,0.0162966,1.87045
2017-10-05,194.39,0.240245,1.34005
2017-10-06,198.02,1.41647,1.00227
2017-10-09,196.87,2.63435,1.05704
2017-10-10,195.08,3.41195,1.42193
2017-10-11,194.95,3.68449,1.91859
2017-10-12,195.86,3.81552,2.37623
2017-10-13,199.49,4.0552,2.76006
2017-10-16,202.68,4.58053,3.11978
2017-10-17,199.48,5.19905,3.53509
2017-10-18,195.54,5.22455,4.02248
2017-10-19,195.13,4.76966,4.4007
2017-10-20,194.16,4.40167,4.56051
2017-10-23,192.47,3.91515,4.56533
2017-10-24,196.02,3.22518,4.4219
2017-10-25,193.77,2.88441,4.11993
2017-10-26,195.21,2.29292,3.79911
2017-10-27,199.54,1.97423,3.39985
2017-10-30,198.37,2.17437,3.0124
2017-10-31,196.43,2.18216,2.76699
2017-11-01,198,1.90992,2.57578
2017-11-02,199.32,1.69483,2.35987
2017-11-03,200.01,1.57603,2.14774
2017-11-06,200.13,1.57003,1.96265
2017-11-07,195.89,1.57022,1.82951
2017-11-08,196.44,1.07855,1.74
2017-11-09,193.9,0.700711,1.5477
2017-11-10,192.02,0.149016,1.3122
2017-11-13,195.08,-0.494634,0.994172
2017-11-14,195.71,-0.536459,0.582153
2017-11-15,192.12,-0.47913,0.261943
2017-11-16,195.51,-0.881493,0.0410333
2017-11-17,193.2,-0.809683,-0.228033
2017-11-20,194.1,-0.967924,-0.409037
2017-11-21,196.23,-0.991647,-0.586621
2017-11-22,196.32,-0.753883,-0.726097
2017-11-24,195.75,-0.53227,-0.760381
2017-11-27,195.05,-0.443857,-0.721747
2017-11-28,199.18,-0.42014,-0.661119
2017-11-29,188.15,0.0332046,-0.599763
2017-11-30,187.58,-0.780859,-0.433023
2017-12-01,186.82,-1.42828,-0.524483
2017-12-04,184.04,-1.98362,-0.758589
2017-12-05,184.21,-2.69394,-1.08236
2017-12-06,185.3,-3.10267,-1.511
2017-12-07,185.2,-3.24729,-1.94041
2017-12-08,188.54,-3.28467,-2.30433
2017-12-11,186.22,-2.9261,-2.59048
2017-12-12,185.73,-2.87047,-2.71141
2017-12-13,187.86,-2.8195,-2.78773
2017-12-14,189.56,-2.48677,-2.83823
2017-12-15,190.12,-1.99557,-2.77582
2017-12-18,190.42,-1.62482,-2.58922
2017-12-19,187.02,-1.12608,-2.34277
2017-12-20,188.82,-1.10034,-2.0152
2017-12-21,188.62,-0.868201,-1.75662
2017-12-22,189.94,-0.625448,-1.49902
2017-12-26,187.76,-0.272749,-1.24095
2017-12-27,186.24,-0.269287,-0.959319
2017-12-28,192.71,-0.381532,-0.748005
2017-12-29,191.96,0.177955,-0.620016
2018-01-02,201.07,0.564021,-0.38077
2018-01-03,205.05,1.85732,-0.106387
2018-01-04,205.63,3.20861,0.436488
2018-01-05,209.99,4.21608,1.19419
2018-01-08,212.05,5.36599,2.02897
2018-01-09,209.31,6.40558,2.95623
2018-01-10,212.52,6.75045,3.92346
2018-01-11,217.24,7.21305,4.73498
2018-01-12,221.23,7.94117,5.46613
2018-01-16,221.53,8.7359,6.20905
2018-01-17,217.5,9.24473,6.96843
2018-01-18,220.33,9.07005,7.66701
2018-01-19,220.46,8.99563,8.12537
2018-01-22,227.58,8.83676,8.42927
2018-01-23,250.29,9.1743,8.60008
2018-01-24,261.3,11.6194,8.80045
2018-01-25,269.7,14.4209,9.58297
2018-01-26,274.6,17.1092,10.9069
2018-01-29,284.59,19.3149,12.6051
2018-01-30,278.8,21.7319,14.4522
2018-01-31,270.3,22.4639,16.466
2018-02-01,265.07,21.6482,18.1627
2018-02-02,267.43,20.0228,19.2217
2018-02-05,254.26,18.6882,19.5865
2018-02-06,265.72,15.9627,19.5089
2018-02-07,264.56,14.777,18.7236
2018-02-08,250.1,13.5211,17.7841
2018-02-09,249.47,10.652,16.7049
2018-02-12,257.95,7.95422,15.0954
2018-02-13,258.27,6.50854,13.1406
2018-02-14,266,5.14954,11.2555
2018-02-15,280.27,4.74462,9.47069
2018-02-16,278.52,5.6649,8.03699
2018-02-20,278.55,6.02438,7.22977
2018-02-21,281.04,6.24483,6.7395
2018-02-22,278.14,6.60257,6.47086
2018-02-23,285.93,6.37866,6.38183
2018-02-26,294.16,7.05789,6.27448
2018-02-27,290.61,8.06882,6.41672
2018-02-28,291.38,8.27816,6.83145
2018-03-01,290.39,8.51765,7.21953
2018-03-02,301.05,8.47072,7.59431
2018-03-05,315,9.4823,7.869
2018-03-06,325.22,11.6584,8.32927
2018-03-07,321.16,14.16,9.24562
2018-03-08,317,15.2166,10.5923
2018-03-09,331.44,15.433,11.8769
2018-03-12,321.3,16.8485,12.901
2018-03-13,315.88,16.4404,14.0339
2018-03-14,321.55,15.267,14.7604
2018-03-15,321.09,14.6338,14.9913
2018-03-16,318.45,13.6009,14.9932
